id,a0,a1,a2,a3,a4,a5
cero,31,82.67,0.000140299,0,-1,0
cero,31,271.395,0.000301948,0,-1,0
cero,31,257.459,0.000228144,0,-1,0
cero,31,136.983,0.000223914,0,-1,0
cero,31,335.667,0.00014015,0,-1,0
cero,31,186.341,0.00012076,0,-1,0
cero,31,240.255,0.000153053,0,-1,0
cero,31,144.568,0.000291074,0,-1,0
cero,31,75.3924,0.000174243,0,-1,0
cero,31,42.6172,0.000169111,0,-1,0
cero,31,56.3059,0.000195389,0,-1,0
cero,31,169.649,0.000424178,0,-1,0
cero,31,178.693,0.000148285,0,-1,0
cero,31,121.16,0.000140357,0,-1,0
cero,31,358.95,0.000209014,0,-1,0
cero,31,143.659,0.000170798,0,-1,0
cero,31,328.436,0.000125896,0,-1,0
cero,31,335.611,0.000214756,0,-1,0
cero,31,154.931,0.000363691,0,-1,0
cero,31,146.247,0.000223017,0,-1,0
cero,31,171.193,0.00023921,0,-1,0
cero,31,189.137,0.000175334,0,-1,0
cero,31,210.684,0.000130004,0,-1,0
cero,31,173.501,0.000188888,0,-1,0
cero,31,146.833,0.000227618,0,-1,0
cero,31,157.036,0.000261153,0,-1,0
cero,31,193.802,0.000156784,0,-1,0
cero,31,73.4951,0.000242897,0,-1,0
cero,31,197.749,0.000153957,0,-1,0
cero,31,177.16,0.000173551,0,-1,0
cero,31,264.092,0.000194545,0,-1,0
cero,31,280.325,0.000293757,0,-1,0
cero,31,351.591,0.000161324,0,-1,0
cero,31,156.249,0.00014948,0,-1,0
cero,31,338.924,0.000131382,0,-1,0
cero,31,66.2509,0.000140991,0,-1,0
cero,31,329.228,0.000299052,0,-1,0
cero,31,74.9731,0.000178568,0,-1,0
cero,31,13.4081,0.000126899,0,-1,0
cero,31,90.3243,0.000796798,0,-1,0
cero,31,0.0965026,0.000128889,0,-1,0
cero,31,341.304,0.000216729,0,-1,0
cero,31,176.084,0.00101233,0,-1,0
cero,31,84.4323,0.000143321,0,-1,0
cero,31,82.3227,0.000160877,0,-1,0
cero,31,14.4735,0.000123246,0,-1,0
cero,31,100.162,0.000309648,0,-1,0
cero,31,105.436,0.000197347,0,-1,0
cero,31,165.091,0.000408686,0,-1,0
cero,31,183.433,0.000200492,0,-1,0
cero,31,290.956,0.000137799,0,-1,0
cero,31,109.414,0.000146746,0,-1,0
cero,31,12.1359,0.000156817,0,-1,0
cero,31,304.719,0.000148687,0,-1,0
cero,31,116.438,0.000119309,0,-1,0
cero,31,53.4255,0.000116334,0,-1,0
cero,31,33.9183,9.0533e-05,0,-1,0
cero,31,306.654,9.30703e-05,0,-1,0
cero,31,72.9256,0.000109912,0,-1,0
cero,31,259.524,0.000113378,0,-1,0
cero,31,83.2534,0.000107672,0,-1,0
cero,31,121.211,9.21528e-05,0,-1,0
cero,31,122.679,9.67131e-05,0,-1,0
cero,31,345.525,8.79897e-05,0,-1,0
cero,31,181.802,9.04948e-05,0,-1,0
cero,31,162.144,0.000110075,0,-1,0
cero,31,131.949,9.44925e-05,0,-1,0
cero,31,336.48,8.65114e-05,0,-1,0
cero,31,57.9416,8.98848e-05,0,-1,0
cero,31,289.701,0.000105236,0,-1,0
cero,31,247.088,0.000117036,0,-1,0
cero,31,182.765,8.90078e-05,0,-1,0
cero,31,26.9753,8.7497e-05,0,-1,0
cero,31,331.433,0.000108675,0,-1,0
cero,31,34.5062,0.000106108,0,-1,0
cero,31,119.112,8.70097e-05,0,-1,0
cero,31,185.828,0.00010215,0,-1,0
cero,31,138.537,9.55767e-05,0,-1,0
cero,31,30.0797,9.32685e-05,0,-1,0
cero,31,336.889,0.000113917,0,-1,0
cero,31,24.9135,9.71904e-05,0,-1,0
cero,31,305.197,0.000119106,0,-1,0
cero,31,338.193,9.14574e-05,0,-1,0
cero,31,250.503,0.000110421,0,-1,0
cero,31,287.246,0.000113976,0,-1,0
cero,31,13.0961,0.000116113,0,-1,0
cero,31,8.53776,0.000102228,0,-1,0
cero,31,200.338,9.2224e-05,0,-1,0
cero,31,329.504,9.41622e-05,0,-1,0
cero,31,128.647,8.61505e-05,0,-1,0
cero,31,160.652,8.56822e-05,0,-1,0
cero,31,107.239,8.5646e-05,0,-1,0
cero,31,116.141,8.52415e-05,0,-1,0
cero,31,30.6855,8.42948e-05,0,-1,0
cero,31,266.557,8.42148e-05,0,-1,0
cero,31,196.189,8.39494e-05,0,-1,0
cero,31,109.179,8.38707e-05,0,-1,0
cero,31,29.0587,8.26267e-05,0,-1,0
cero,31,227.176,8.22615e-05,0,-1,0
cero,31,333.641,8.04292e-05,0,-1,0
cero,31,304.523,8.04067e-05,0,-1,0
cero,31,46.3193,8.02292e-05,0,-1,0
cero,31,39.3833,7.96695e-05,0,-1,0
cero,31,358.128,7.96554e-05,0,-1,0
cero,31,8.60361,7.91246e-05,0,-1,0
cero,31,202.271,7.87269e-05,0,-1,0
cero,31,174.373,7.87215e-05,0,-1,0
cero,31,176.549,7.80773e-05,0,-1,0
cero,31,43.3785,7.77652e-05,0,-1,0
cero,37.2,157.147,0.000353088,1,-1,0
cero,37.2,141.174,0.000209597,1,-1,0
cero,37.2,181.354,8.63859e-05,1,-1,0
cero,37.2,297.398,0.000147047,1,-1,0
cero,37.2,299.614,0.000103079,1,-1,0
cero,37.2,152.711,0.000413215,1,-1,0
cero,37.2,230.216,0.000117137,1,-1,0
cero,37.2,175.851,0.000159638,1,-1,0
cero,37.2,215.737,8.98793e-05,1,-1,0
cero,37.2,301.859,0.000120958,1,-1,0
cero,37.2,187.917,0.00024742,1,-1,0
cero,37.2,236.087,9.0718e-05,1,-1,0
cero,37.2,250.23,0.000200047,1,-1,0
cero,37.2,114.863,0.000146982,1,-1,0
cero,37.2,71.6501,0.000277981,1,-1,0
cero,37.2,15.0851,8.38131e-05,1,-1,0
cero,37.2,34.9093,9.71235e-05,1,-1,0
cero,37.2,94.2078,8.7589e-05,1,-1,0
cero,37.2,179.98,0.00076599,1,-1,0
cero,37.2,299.668,0.000244351,1,-1,0
cero,37.2,28.0776,8.82692e-05,1,-1,0
cero,37.2,274.962,0.000147707,1,-1,0
cero,37.2,174.442,0.000106774,1,-1,0
cero,37.2,33.0354,0.000138624,1,-1,0
cero,37.2,147.09,9.39034e-05,1,-1,0
cero,37.2,348.332,0.000164712,1,-1,0
cero,37.2,19.9183,8.77899e-05,1,-1,0
cero,37.2,28.1849,9.40254e-05,1,-1,0
cero,37.2,75.9314,0.000221013,1,-1,0
cero,37.2,80.421,0.000164625,1,-1,0
cero,37.2,131.852,0.000100383,1,-1,0
cero,37.2,298.158,0.000235641,1,-1,0
cero,37.2,154.112,0.000120358,1,-1,0
cero,37.2,341.529,0.000118661,1,-1,0
cero,37.2,139.089,0.000130654,1,-1,0
cero,37.2,142.209,0.000174738,1,-1,0
cero,37.2,175.656,0.000282669,1,-1,0
cero,37.2,280.224,0.000241838,1,-1,0
cero,37.2,340.353,0.000134256,1,-1,0
cero,37.2,340.822,0.000116558,1,-1,0
cero,37.2,39.5428,9.1013e-05,1,-1,0
cero,37.2,204.061,0.000143543,1,-1,0
cero,37.2,187.522,0.000156127,1,-1,0
cero,37.2,163.484,0.00020385,1,-1,0
cero,37.2,112.079,0.000144898,1,-1,0
cero,37.2,93.0191,0.000127669,1,-1,0
cero,37.2,168.461,9.3613e-05,1,-1,0
cero,37.2,86.1093,8.35151e-05,1,-1,0
cero,37.2,296.28,0.000261785,1,-1,0
cero,37.2,150.998,0.000214412,1,-1,0
cero,37.2,266.23,0.000202073,1,-1,0
cero,37.2,344.675,0.000227771,1,-1,0
cero,37.2,324.917,0.00020317,1,-1,0
cero,37.2,329.397,0.000125355,1,-1,0
cero,37.2,30.1162,0.000129248,1,-1,0
cero,37.2,154.066,0.00030381,1,-1,0
cero,37.2,181.139,0.000207777,1,-1,0
cero,37.2,327.616,0.000155094,1,-1,0
cero,37.2,320.037,0.000113467,1,-1,0
cero,37.2,274.802,8.66899e-05,1,-1,0
cero,37.2,61.2279,9.5402e-05,1,-1,0
cero,37.2,121.842,8.7338e-05,1,-1,0
cero,37.2,331.412,0.000122385,1,-1,0
cero,37.2,165.554,8.30312e-05,1,-1,0
cero,37.2,17.4426,8.21671e-05,1,-1,0
cero,37.2,73.5658,8.0395e-05,1,-1,0
cero,37.2,338.031,7.12015e-05,1,-1,0
cero,37.2,152.898,7.29433e-05,1,-1,0
cero,37.2,105.363,7.34752e-05,1,-1,0
cero,37.2,200.414,6.01514e-05,1,-1,0
cero,37.2,233.392,5.89813e-05,1,-1,0
cero,37.2,316.326,6.99066e-05,1,-1,0
cero,37.2,18.0492,6.42463e-05,1,-1,0
cero,37.2,244.886,6.14011e-05,1,-1,0
cero,37.2,107.236,6.16155e-05,1,-1,0
cero,37.2,76.9711,6.90802e-05,1,-1,0
cero,37.2,316.589,6.86419e-05,1,-1,0
cero,37.2,9.25687,7.06006e-05,1,-1,0
cero,37.2,308.3,7.02426e-05,1,-1,0
cero,37.2,312.235,5.98985e-05,1,-1,0
cero,37.2,168.902,6.59923e-05,1,-1,0
cero,37.2,196.175,7.03691e-05,1,-1,0
cero,37.2,165.453,5.81772e-05,1,-1,0
cero,37.2,183.747,6.12403e-05,1,-1,0
cero,37.2,67.52,5.8878e-05,1,-1,0
cero,37.2,166.278,6.78321e-05,1,-1,0
cero,37.2,145.062,6.41217e-05,1,-1,0
cero,37.2,334.725,6.53686e-05,1,-1,0
cero,37.2,182.882,5.76881e-05,1,-1,0
cero,37.2,33.2797,5.69886e-05,1,-1,0
cero,44.64,109.462,0.000160617,2,-1,0
cero,44.64,181.818,0.00014806,2,-1,0
cero,44.64,61.2124,0.000198536,2,-1,0
cero,44.64,172.17,0.000309896,2,-1,0
cero,44.64,315.51,0.00017754,2,-1,0
cero,44.64,304.383,0.000234792,2,-1,0
cero,44.64,341.709,0.000176335,2,-1,0
cero,44.64,343.699,0.000113012,2,-1,0
cero,44.64,301.084,0.000180775,2,-1,0
cero,44.64,315.776,0.00017973,2,-1,0
cero,44.64,347.657,0.000141675,2,-1,0
cero,44.64,273.452,0.000163822,2,-1,0
cero,44.64,186.228,0.000232,2,-1,0
cero,44.64,300.351,0.000140035,2,-1,0
cero,44.64,175.615,0.000182254,2,-1,0
cero,44.64,309.971,0.000202887,2,-1,0
cero,44.64,102.557,0.000117641,2,-1,0
cero,44.64,34.3499,0.000390443,2,-1,0
cero,44.64,168.016,0.000174471,2,-1,0
cero,44.64,85.8543,0.000136921,2,-1,0
cero,44.64,131.753,0.000197453,2,-1,0
cero,44.64,322.981,0.00034807,2,-1,0
cero,44.64,261.787,0.000172678,2,-1,0
cero,44.64,178.379,0.000112654,2,-1,0
cero,44.64,30.521,0.00010915,2,-1,0
cero,44.64,168.548,0.000108587,2,-1,0
cero,44.64,198.78,0.000101103,2,-1,0
cero,44.64,92.2356,0.000105087,2,-1,0
cero,44.64,320.626,8.68388e-05,2,-1,0
cero,44.64,172.458,9.71477e-05,2,-1,0
cero,44.64,169.197,0.000110363,2,-1,0
cero,44.64,171.405,9.5573e-05,2,-1,0
cero,44.64,110.716,9.17217e-05,2,-1,0
cero,44.64,23.9765,9.57509e-05,2,-1,0
cero,44.64,11.8934,9.66756e-05,2,-1,0
cero,44.64,54.3899,9.0092e-05,2,-1,0
cero,44.64,139.587,0.000102185,2,-1,0
cero,44.64,71.6597,8.62169e-05,2,-1,0
cero,44.64,275.61,6.16388e-05,2,-1,0
cero,44.64,43.7247,8.29683e-05,2,-1,0
cero,44.64,283.169,6.97068e-05,2,-1,0
cero,44.64,17.7912,6.537e-05,2,-1,0
cero,44.64,170.069,8.08969e-05,2,-1,0
cero,44.64,302.54,5.9878e-05,2,-1,0
cero,44.64,158.199,8.04313e-05,2,-1,0
cero,44.64,167.384,6.36754e-05,2,-1,0
cero,44.64,131.706,7.02862e-05,2,-1,0
cero,44.64,323.218,8.2417e-05,2,-1,0
cero,44.64,11.5227,6.03947e-05,2,-1,0
cero,44.64,222.547,7.81553e-05,2,-1,0
cero,44.64,189.981,6.57117e-05,2,-1,0
cero,44.64,218.769,6.19767e-05,2,-1,0
cero,44.64,71.1283,7.6712e-05,2,-1,0
cero,44.64,145.582,6.07449e-05,2,-1,0
cero,44.64,329.12,6.65869e-05,2,-1,0
cero,44.64,159.858,7.38823e-05,2,-1,0
cero,44.64,295.638,7.36228e-05,2,-1,0
cero,44.64,169.432,8.59001e-05,2,-1,0
cero,44.64,138.803,5.98246e-05,2,-1,0
cero,44.64,245.716,5.5135e-05,2,-1,0
cero,44.64,163.515,5.41531e-05,2,-1,0
cero,44.64,29.5205,5.2871e-05,2,-1,0
cero,44.64,98.8127,5.27496e-05,2,-1,0
cero,44.64,167.181,5.20252e-05,2,-1,0
cero,44.64,321.529,5.11651e-05,2,-1,0
cero,44.64,312.08,4.87308e-05,2,-1,0
cero,44.64,29.8595,4.68661e-05,2,-1,0
cero,44.64,64.7472,4.66242e-05,2,-1,0
cero,44.64,140.396,4.5452e-05,2,-1,0
cero,44.64,48.9282,4.37112e-05,2,-1,0
cero,44.64,143.055,4.19582e-05,2,-1,0
cero,44.64,342.902,4.19578e-05,2,-1,0
cero,44.64,106.223,4.16798e-05,2,-1,0
cero,44.64,122.001,4.12765e-05,2,-1,0
cero,44.64,100.3,4.09453e-05,2,-1,0
cero,53.568,190.386,0.000168938,3,-1,0
cero,53.568,308.051,0.000253511,3,-1,0
cero,53.568,164.793,8.05305e-05,3,-1,0
cero,53.568,32.5645,9.18999e-05,3,-1,0
cero,53.568,264.632,5.63086e-05,3,-1,0
cero,53.568,350.764,0.000125114,3,-1,0
cero,53.568,165.963,5.93549e-05,3,-1,0
cero,53.568,109.762,0.000128186,3,-1,0
cero,53.568,107.304,0.000115063,3,-1,0
cero,53.568,130.954,5.4654e-05,3,-1,0
cero,53.568,102.059,6.3919e-05,3,-1,0
cero,53.568,95.676,0.000115064,3,-1,0
cero,53.568,167.796,9.11917e-05,3,-1,0
cero,53.568,186.767,0.000163981,3,-1,0
cero,53.568,15.3658,0.000118761,3,-1,0
cero,53.568,92.5377,0.000143143,3,-1,0
cero,53.568,359.367,0.000134082,3,-1,0
cero,53.568,291.323,0.000142311,3,-1,0
cero,53.568,169.268,0.000108227,3,-1,0
cero,53.568,295.707,0.00013931,3,-1,0
cero,53.568,27.1734,0.000221153,3,-1,0
cero,53.568,155.836,6.39745e-05,3,-1,0
cero,53.568,327.715,6.29599e-05,3,-1,0
cero,53.568,302.816,0.000163044,3,-1,0
cero,53.568,144.151,5.44433e-05,3,-1,0
cero,53.568,109.5,6.75636e-05,3,-1,0
cero,53.568,45.7435,8.46334e-05,3,-1,0
cero,53.568,113.374,0.000166679,3,-1,0
cero,53.568,346.465,9.11242e-05,3,-1,0
cero,53.568,61.8204,8.99655e-05,3,-1,0
cero,53.568,72.6317,6.87436e-05,3,-1,0
cero,53.568,339.367,0.000159811,3,-1,0
cero,53.568,2.78969,0.000118648,3,-1,0
cero,53.568,12.9121,0.000167695,3,-1,0
cero,53.568,110.631,0.000165123,3,-1,0
cero,53.568,305.618,0.00012349,3,-1,0
cero,53.568,120.361,0.000152619,3,-1,0
cero,53.568,175.336,0.000139618,3,-1,0
cero,53.568,325.413,0.000103475,3,-1,0
cero,53.568,114.573,6.16316e-05,3,-1,0
cero,53.568,103.332,5.42041e-05,3,-1,0
cero,53.568,6.61742,7.44504e-05,3,-1,0
cero,53.568,235.815,0.000182093,3,-1,0
cero,53.568,158.9,0.000106823,3,-1,0
cero,53.568,74.4487,7.3902e-05,3,-1,0
cero,53.568,158.327,6.21359e-05,3,-1,0
cero,53.568,175.184,7.49655e-05,3,-1,0
cero,53.568,187.553,5.42006e-05,3,-1,0
cero,53.568,147.036,5.38314e-05,3,-1,0
cero,53.568,158.443,5.33929e-05,3,-1,0
cero,53.568,228.976,4.82883e-05,3,-1,0
cero,53.568,86.4663,4.69675e-05,3,-1,0
cero,53.568,93.5057,4.68689e-05,3,-1,0
cero,53.568,293.914,4.64812e-05,3,-1,0
cero,53.568,156.675,4.54099e-05,3,-1,0
cero,53.568,330.595,4.46469e-05,3,-1,0
cero,53.568,271.759,4.27293e-05,3,-1,0
cero,53.568,354.059,4.14328e-05,3,-1,0
cero,53.568,325.932,3.96658e-05,3,-1,0
cero,53.568,243.34,3.87758e-05,3,-1,0
cero,53.568,186.88,3.80545e-05,3,-1,0
cero,53.568,190.531,3.75369e-05,3,-1,0
cero,53.568,341.527,3.64076e-05,3,-1,0
cero,64.2816,117.849,0.00017737,4,-1,0
cero,64.2816,310.546,9.03144e-05,4,-1,0
cero,64.2816,353.3,9.55994e-05,4,-1,0
cero,64.2816,126.124,9.4429e-05,4,-1,0
cero,64.2816,34.3678,0.000106771,4,-1,0
cero,64.2816,310.664,0.000148386,4,-1,0
cero,64.2816,37.6864,0.000127887,4,-1,0
cero,64.2816,311.091,9.17704e-05,4,-1,0
cero,64.2816,6.48719,0.000116655,4,-1,0
cero,64.2816,99.7357,0.000230032,4,-1,0
cero,64.2816,308.783,0.000246919,4,-1,0
cero,64.2816,0.269164,0.000115749,4,-1,0
cero,64.2816,290.526,9.80636e-05,4,-1,0
cero,64.2816,20.6855,0.000212549,4,-1,0
cero,64.2816,109.658,0.000112069,4,-1,0
cero,64.2816,232.075,9.60261e-05,4,-1,0
cero,64.2816,226.28,0.000131109,4,-1,0
cero,64.2816,152.893,8.38572e-05,4,-1,0
cero,64.2816,258.14,5.95186e-05,4,-1,0
cero,64.2816,151.144,4.14155e-05,4,-1,0
cero,64.2816,114.285,6.00346e-05,4,-1,0
cero,64.2816,7.03291,4.64594e-05,4,-1,0
cero,64.2816,1.3071,8.10384e-05,4,-1,0
cero,64.2816,162.544,5.32448e-05,4,-1,0
cero,64.2816,349.07,6.13807e-05,4,-1,0
cero,64.2816,54.2713,8.16766e-05,4,-1,0
cero,64.2816,275.328,7.91918e-05,4,-1,0
cero,64.2816,202.753,4.7677e-05,4,-1,0
cero,64.2816,167.821,7.37049e-05,4,-1,0
cero,64.2816,80.782,4.4648e-05,4,-1,0
cero,64.2816,190.683,8.22664e-05,4,-1,0
cero,64.2816,43.1052,4.40809e-05,4,-1,0
cero,64.2816,153.237,5.61569e-05,4,-1,0
cero,64.2816,8.95487,7.37909e-05,4,-1,0
cero,64.2816,187.573,5.57704e-05,4,-1,0
cero,64.2816,80.1294,5.6837e-05,4,-1,0
cero,64.2816,136.403,4.45937e-05,4,-1,0
cero,64.2816,118.146,6.08706e-05,4,-1,0
cero,64.2816,110.52,4.10688e-05,4,-1,0
cero,64.2816,69.9648,4.12064e-05,4,-1,0
cero,64.2816,315.403,5.06053e-05,4,-1,0
cero,64.2816,115.026,7.58403e-05,4,-1,0
cero,64.2816,80.751,5.25983e-05,4,-1,0
cero,64.2816,30.912,4.09985e-05,4,-1,0
cero,64.2816,247.175,4.02691e-05,4,-1,0
cero,64.2816,156.507,3.80961e-05,4,-1,0
cero,64.2816,248.486,3.69385e-05,4,-1,0
cero,64.2816,158.594,3.68686e-05,4,-1,0
cero,64.2816,318.348,3.64833e-05,4,-1,0
cero,64.2816,121.698,3.52714e-05,4,-1,0
cero,64.2816,235.703,3.51758e-05,4,-1,0
cero,64.2816,261.039,3.50791e-05,4,-1,0
cero,77.1379,311.8,0.000233613,5,-1,0
cero,77.1379,308.959,7.08132e-05,5,-1,0
cero,77.1379,90.777,6.28623e-05,5,-1,0
cero,77.1379,60.2781,8.18952e-05,5,-1,0
cero,77.1379,56.191,7.40725e-05,5,-1,0
cero,77.1379,263.72,7.60258e-05,5,-1,0
cero,77.1379,355.719,3.9276e-05,5,-1,0
cero,77.1379,199.754,3.67022e-05,5,-1,0
cero,77.1379,48.7118,6.35487e-05,5,-1,0
cero,77.1379,183.475,4.28381e-05,5,-1,0
cero,77.1379,351.528,4.76361e-05,5,-1,0
cero,77.1379,145.753,5.91362e-05,5,-1,0
cero,77.1379,125.984,0.00013943,5,-1,0
cero,77.1379,236.124,6.25699e-05,5,-1,0
cero,77.1379,74.0813,5.9665e-05,5,-1,0
cero,77.1379,194.962,4.5528e-05,5,-1,0
cero,77.1379,313.385,0.000108327,5,-1,0
cero,77.1379,234.883,3.63287e-05,5,-1,0
cero,77.1379,102.83,0.000182328,5,-1,0
cero,77.1379,153.975,3.38749e-05,5,-1,0
cero,77.1379,8.59524,9.82288e-05,5,-1,0
cero,77.1379,0.801852,3.76793e-05,5,-1,0
cero,77.1379,46.6004,3.95977e-05,5,-1,0
cero,77.1379,358.231,0.000111948,5,-1,0
cero,77.1379,328.615,0.000135727,5,-1,0
cero,77.1379,239.874,0.000127646,5,-1,0
cero,77.1379,252.932,6.39232e-05,5,-1,0
cero,77.1379,153.613,4.56765e-05,5,-1,0
cero,77.1379,14.9249,7.67433e-05,5,-1,0
cero,77.1379,9.79751,0.000195396,5,-1,0
cero,77.1379,15.5767,9.267e-05,5,-1,0
cero,77.1379,4.23664,9.21896e-05,5,-1,0
cero,77.1379,9.55002,6.44625e-05,5,-1,0
cero,77.1379,121.447,5.02564e-05,5,-1,0
cero,77.1379,148.637,3.71464e-05,5,-1,0
cero,77.1379,256.4,8.73093e-05,5,-1,0
cero,77.1379,112.76,5.53539e-05,5,-1,0
cero,77.1379,272.687,3.39661e-05,5,-1,0
cero,77.1379,107.971,8.19274e-05,5,-1,0
cero,77.1379,4.90918,0.00010318,5,-1,0
cero,77.1379,111.683,4.12516e-05,5,-1,0
cero,77.1379,117.55,4.09808e-05,5,-1,0
cero,77.1379,325.48,3.58559e-05,5,-1,0
cero,77.1379,102.762,3.20934e-05,5,-1,0
cero,92.5655,318.857,9.55789e-05,6,-1,0
cero,92.5655,311.641,6.54594e-05,6,-1,0
cero,92.5655,237.994,6.02914e-05,6,-1,0
cero,92.5655,53.0941,5.00883e-05,6,-1,0
cero,92.5655,110.791,0.000157003,6,-1,0
cero,92.5655,313.498,0.000177927,6,-1,0
cero,92.5655,351.799,0.000121729,6,-1,0
cero,92.5655,110.748,3.80075e-05,6,-1,0
cero,92.5655,91.5629,6.68025e-05,6,-1,0
cero,92.5655,246.619,6.64491e-05,6,-1,0
cero,92.5655,102.797,3.96618e-05,6,-1,0
cero,92.5655,8.92389,5.96549e-05,6,-1,0
cero,92.5655,355.944,0.000111856,6,-1,0
cero,92.5655,338.419,8.7912e-05,6,-1,0
cero,92.5655,237.623,0.000135062,6,-1,0
cero,92.5655,12.8047,8.96393e-05,6,-1,0
cero,92.5655,221.072,4.69862e-05,6,-1,0
cero,92.5655,120.687,5.55973e-05,6,-1,0
cero,92.5655,0.811586,5.04313e-05,6,-1,0
cero,92.5655,99.4603,7.68726e-05,6,-1,0
cero,92.5655,60.1315,5.94862e-05,6,-1,0
cero,92.5655,65.8359,5.61541e-05,6,-1,0
cero,92.5655,355.934,5.65117e-05,6,-1,0
cero,92.5655,100.981,3.80985e-05,6,-1,0
cero,92.5655,352.882,0.000208151,6,-1,0
cero,92.5655,338.178,0.000152271,6,-1,0
cero,92.5655,55.9507,7.25018e-05,6,-1,0
cero,92.5655,87.5938,5.89212e-05,6,-1,0
cero,92.5655,11.6645,8.05618e-05,6,-1,0
cero,92.5655,132.384,0.000100687,6,-1,0
cero,92.5655,15.8863,6.25204e-05,6,-1,0
cero,92.5655,141.033,3.75638e-05,6,-1,0
cero,92.5655,140.791,3.63455e-05,6,-1,0
cero,92.5655,329.282,3.53304e-05,6,-1,0
cero,92.5655,332.899,3.43959e-05,6,-1,0
cero,92.5655,141.987,3.39952e-05,6,-1,0
cero,111.079,113.602,0.000139419,7,-1,0
cero,111.079,15.3266,6.72139e-05,7,-1,0
cero,111.079,67.939,5.35712e-05,7,-1,0
cero,111.079,316.883,0.000160187,7,-1,0
cero,111.079,111.193,4.32755e-05,7,-1,0
cero,111.079,3.71534,4.44472e-05,7,-1,0
cero,111.079,323.802,6.83568e-05,7,-1,0
cero,111.079,341.773,0.000150368,7,-1,0
cero,111.079,234.523,5.35363e-05,7,-1,0
cero,111.079,224.36,8.06878e-05,7,-1,0
cero,111.079,171.817,9.35648e-05,7,-1,0
cero,111.079,242.442,7.22256e-05,7,-1,0
cero,111.079,11.1555,0.000180524,7,-1,0
cero,111.079,359.951,0.000100351,7,-1,0
cero,111.079,71.3554,7.306e-05,7,-1,0
cero,111.079,135.098,7.14625e-05,7,-1,0
cero,111.079,51.8179,6.90259e-05,7,-1,0
cero,111.079,23.7972,6.25478e-05,7,-1,0
cero,111.079,340.088,0.000167764,7,-1,0
cero,111.079,95.7405,7.12223e-05,7,-1,0
cero,111.079,313.562,9.11755e-05,7,-1,0
cero,111.079,354.225,6.97088e-05,7,-1,0
cero,111.079,16.7403,4.09398e-05,7,-1,0
cero,111.079,245.955,3.89882e-05,7,-1,0
cero,111.079,81.7055,3.79599e-05,7,-1,0
cero,111.079,223.966,3.68472e-05,7,-1,0
cero,111.079,185.697,3.37037e-05,7,-1,0
cero,111.079,103.526,3.28654e-05,7,-1,0
cero,111.079,138.135,3.17992e-05,7,-1,0
cero,111.079,104.524,3.06438e-05,7,-1,0
cero,111.079,79.5439,3.03811e-05,7,-1,0
uno,31,186.937,0.00326211,0,-1,1
uno,31,195.847,0.00223095,0,-1,1
uno,31,190.642,0.00375776,0,-1,1
uno,31,192.131,0.00222096,0,-1,1
uno,31,181.166,0.00327745,0,-1,1
uno,31,183.362,0.00271119,0,-1,1
uno,31,193.657,0.00367976,0,-1,1
uno,31,193.005,0.00272607,0,-1,1
uno,31,197.813,0.00277019,0,-1,1
uno,31,183.437,0.00265077,0,-1,1
uno,31,197.243,0.00225839,0,-1,1
uno,31,191.658,0.00410896,0,-1,1
uno,31,199.446,0.00269483,0,-1,1
uno,31,197.183,0.00220651,0,-1,1
uno,31,184.495,0.00280326,0,-1,1
uno,31,185.738,0.00236442,0,-1,1
uno,31,183.268,0.00221118,0,-1,1
uno,31,183.289,0.00241975,0,-1,1
uno,31,187.988,0.00233103,0,-1,1
uno,31,190.244,0.00427441,0,-1,1
uno,31,188.158,0.00363032,0,-1,1
uno,31,198.027,0.00281435,0,-1,1
uno,31,200.83,0.003029,0,-1,1
uno,31,190.875,0.00311874,0,-1,1
uno,31,188.438,0.00388049,0,-1,1
uno,31,200.461,0.00329123,0,-1,1
uno,31,195.634,0.00231447,0,-1,1
uno,31,189.555,0.00327199,0,-1,1
uno,31,193.096,0.00267502,0,-1,1
uno,31,180.013,0.00453656,0,-1,1
uno,31,198.38,0.00271415,0,-1,1
uno,31,195.363,0.0025002,0,-1,1
uno,31,192.138,0.00270135,0,-1,1
uno,31,205.603,0.00285264,0,-1,1
uno,31,185.75,0.00251736,0,-1,1
uno,31,197.105,0.00245355,0,-1,1
uno,31,188.422,0.00237983,0,-1,1
uno,31,183.24,0.00233007,0,-1,1
uno,31,204.554,0.00445389,0,-1,1
uno,31,194.329,0.00266484,0,-1,1
uno,31,184.699,0.00289592,0,-1,1
uno,31,179.563,0.0026,0,-1,1
uno,31,191.939,0.00272234,0,-1,1
uno,31,180.307,0.00358526,0,-1,1
uno,31,184.59,0.00244889,0,-1,1
uno,31,175.418,0.00237812,0,-1,1
uno,31,196.205,0.00239847,0,-1,1
uno,31,188.337,0.00313818,0,-1,1
uno,31,193.768,0.0025037,0,-1,1
uno,31,190.268,0.00343663,0,-1,1
uno,31,181.323,0.00254719,0,-1,1
uno,31,191.126,0.00263174,0,-1,1
uno,31,195.699,0.00217898,0,-1,1
uno,31,195.371,0.00217199,0,-1,1
uno,31,183.196,0.00182091,0,-1,1
uno,31,191.088,0.00174994,0,-1,1
uno,31,197.657,0.00168771,0,-1,1
uno,31,190.389,0.00190515,0,-1,1
uno,31,196.832,0.00193582,0,-1,1
uno,31,188.191,0.00179297,0,-1,1
uno,31,201.8,0.00205401,0,-1,1
uno,31,177.35,0.0018513,0,-1,1
uno,31,183.447,0.00212385,0,-1,1
uno,31,184.452,0.00187245,0,-1,1
uno,31,195.376,0.00183171,0,-1,1
uno,31,190.357,0.00170684,0,-1,1
uno,31,191.407,0.00187619,0,-1,1
uno,31,202.988,0.00172372,0,-1,1
uno,31,196.387,0.00189081,0,-1,1
uno,31,196.353,0.00166257,0,-1,1
uno,31,190.958,0.00178527,0,-1,1
uno,31,197.018,0.00164661,0,-1,1
uno,31,188.836,0.00183463,0,-1,1
uno,31,193.34,0.00181817,0,-1,1
uno,31,192.285,0.00209082,0,-1,1
uno,31,180.651,0.00182909,0,-1,1
uno,31,200.071,0.00174884,0,-1,1
uno,31,182.581,0.00203168,0,-1,1
uno,31,190.84,0.00202842,0,-1,1
uno,31,192.963,0.00206067,0,-1,1
uno,31,196.416,0.00165029,0,-1,1
uno,31,196.365,0.00165818,0,-1,1
uno,31,193.352,0.00172702,0,-1,1
uno,31,185.885,0.00167388,0,-1,1
uno,31,186.317,0.00214806,0,-1,1
uno,31,181.341,0.00206996,0,-1,1
uno,31,179.924,0.00187046,0,-1,1
uno,31,202.259,0.00194988,0,-1,1
uno,31,197.558,0.00200042,0,-1,1
uno,31,196.933,0.00180203,0,-1,1
uno,31,199.754,0.00172395,0,-1,1
uno,31,193.028,0.00202083,0,-1,1
uno,31,181.786,0.00201376,0,-1,1
uno,31,197.974,0.00177853,0,-1,1
uno,31,183.883,0.00173524,0,-1,1
uno,31,199.091,0.00176657,0,-1,1
uno,31,184.64,0.0020586,0,-1,1
uno,31,197.49,0.00204706,0,-1,1
uno,31,200.676,0.00163637,0,-1,1
uno,31,200.849,0.0016304,0,-1,1
uno,31,188.278,0.00162037,0,-1,1
uno,31,191.635,0.0016071,0,-1,1
uno,31,195.528,0.00160215,0,-1,1
uno,31,189.107,0.00159608,0,-1,1
uno,31,184.562,0.00159411,0,-1,1
uno,31,185.574,0.00158685,0,-1,1
uno,31,189.665,0.00158333,0,-1,1
uno,31,192.443,0.00156342,0,-1,1
uno,31,187.628,0.00156225,0,-1,1
uno,37.2,185.601,0.00161592,1,-1,1
uno,37.2,184.714,0.00133476,1,-1,1
uno,37.2,182.494,0.00142416,1,-1,1
uno,37.2,192.466,0.00119908,1,-1,1
uno,37.2,198.393,0.00104389,1,-1,1
uno,37.2,194.95,0.00102351,1,-1,1
uno,37.2,184.231,0.000993044,1,-1,1
uno,37.2,195.311,0.00122153,1,-1,1
uno,37.2,191.12,0.00152358,1,-1,1
uno,37.2,190.316,0.00141655,1,-1,1
uno,37.2,199.87,0.00130894,1,-1,1
uno,37.2,190.378,0.00109188,1,-1,1
uno,37.2,190.528,0.00109879,1,-1,1
uno,37.2,188.919,0.00104629,1,-1,1
uno,37.2,190.308,0.00111503,1,-1,1
uno,37.2,189.781,0.00103757,1,-1,1
uno,37.2,193.103,0.00129075,1,-1,1
uno,37.2,186.023,0.00141521,1,-1,1
uno,37.2,189.933,0.00128779,1,-1,1
uno,37.2,180.109,0.00136577,1,-1,1
uno,37.2,180.5,0.00107399,1,-1,1
uno,37.2,194.128,0.00179688,1,-1,1
uno,37.2,184.289,0.00131556,1,-1,1
uno,37.2,194.246,0.00133615,1,-1,1
uno,37.2,193.766,0.00119613,1,-1,1
uno,37.2,196.551,0.00138848,1,-1,1
uno,37.2,186.955,0.00117079,1,-1,1
uno,37.2,197.31,0.000997386,1,-1,1
uno,37.2,196.666,0.00113434,1,-1,1
uno,37.2,195.767,0.00137598,1,-1,1
uno,37.2,195.827,0.00104783,1,-1,1
uno,37.2,185.091,0.0015186,1,-1,1
uno,37.2,191.402,0.00120796,1,-1,1
uno,37.2,189.622,0.00180014,1,-1,1
uno,37.2,196.567,0.00101518,1,-1,1
uno,37.2,190.355,0.00138956,1,-1,1
uno,37.2,194.611,0.00111885,1,-1,1
uno,37.2,196.289,0.00124526,1,-1,1
uno,37.2,198.731,0.00119872,1,-1,1
uno,37.2,182.533,0.00107759,1,-1,1
uno,37.2,196.621,0.00106405,1,-1,1
uno,37.2,193.714,0.00122544,1,-1,1
uno,37.2,192.633,0.0012407,1,-1,1
uno,37.2,194.52,0.00136284,1,-1,1
uno,37.2,190.49,0.0012905,1,-1,1
uno,37.2,176.357,0.00123037,1,-1,1
uno,37.2,196.304,0.00126702,1,-1,1
uno,37.2,193.282,0.00114546,1,-1,1
uno,37.2,192.61,0.0010017,1,-1,1
uno,37.2,191.245,0.00123914,1,-1,1
uno,37.2,200.002,0.0012369,1,-1,1
uno,37.2,189.399,0.00193032,1,-1,1
uno,37.2,193.737,0.00121247,1,-1,1
uno,37.2,185.768,0.00107952,1,-1,1
uno,37.2,179.86,0.0013989,1,-1,1
uno,37.2,189.984,0.00110715,1,-1,1
uno,37.2,184.583,0.00173935,1,-1,1
uno,37.2,197.117,0.00146659,1,-1,1
uno,37.2,191.784,0.0012192,1,-1,1
uno,37.2,193.671,0.00163906,1,-1,1
uno,37.2,195.939,0.0010589,1,-1,1
uno,37.2,183.812,0.00132721,1,-1,1
uno,37.2,195.949,0.00113854,1,-1,1
uno,37.2,190.648,0.00142685,1,-1,1
uno,37.2,195.535,0.00112141,1,-1,1
uno,37.2,187.925,0.00124772,1,-1,1
uno,37.2,191.834,0.00133584,1,-1,1
uno,37.2,195.276,0.00115519,1,-1,1
uno,37.2,191.818,0.00110139,1,-1,1
uno,37.2,191.34,0.00103764,1,-1,1
uno,37.2,191.857,0.0011053,1,-1,1
uno,37.2,197.005,0.00115691,1,-1,1
uno,37.2,187.673,0.00171903,1,-1,1
uno,37.2,192.134,0.000990552,1,-1,1
uno,37.2,200.486,0.000989945,1,-1,1
uno,37.2,186.133,0.000988146,1,-1,1
uno,37.2,191.545,0.000985791,1,-1,1
uno,37.2,194.733,0.000983245,1,-1,1
uno,37.2,198.791,0.000969386,1,-1,1
uno,37.2,192.877,0.000967539,1,-1,1
uno,37.2,188.921,0.000967474,1,-1,1
uno,37.2,182.254,0.000967114,1,-1,1
uno,37.2,189.459,0.000948556,1,-1,1
uno,37.2,199.073,0.000947022,1,-1,1
uno,37.2,185.639,0.000944327,1,-1,1
uno,37.2,197.261,0.000942375,1,-1,1
uno,37.2,196.334,0.000921153,1,-1,1
uno,37.2,198.382,0.000916637,1,-1,1
uno,37.2,186.651,0.000910478,1,-1,1
uno,37.2,187.492,0.00090725,1,-1,1
uno,44.64,200.144,0.000744073,2,-1,1
uno,44.64,194.827,0.0012016,2,-1,1
uno,44.64,196.828,0.000682243,2,-1,1
uno,44.64,186.817,0.000642414,2,-1,1
uno,44.64,193.179,0.000859183,2,-1,1
uno,44.64,188.637,0.000663689,2,-1,1
uno,44.64,190.294,0.000842584,2,-1,1
uno,44.64,192.735,0.00105641,2,-1,1
uno,44.64,195.258,0.000858093,2,-1,1
uno,44.64,191.233,0.000704695,2,-1,1
uno,44.64,192.609,0.00063953,2,-1,1
uno,44.64,194.935,0.00111925,2,-1,1
uno,44.64,194.753,0.000914716,2,-1,1
uno,44.64,183.238,0.00103455,2,-1,1
uno,44.64,190.866,0.000699055,2,-1,1
uno,44.64,191.228,0.000810196,2,-1,1
uno,44.64,192.788,0.000680598,2,-1,1
uno,44.64,191.286,0.000636568,2,-1,1
uno,44.64,193.33,0.000790459,2,-1,1
uno,44.64,194.486,0.000634564,2,-1,1
uno,44.64,193.373,0.00155657,2,-1,1
uno,44.64,190.93,0.000784262,2,-1,1
uno,44.64,198.054,0.0010144,2,-1,1
uno,44.64,195.875,0.000602356,2,-1,1
uno,44.64,196.433,0.000741169,2,-1,1
uno,44.64,191.544,0.00060835,2,-1,1
uno,44.64,191.838,0.000795697,2,-1,1
uno,44.64,190.313,0.000767913,2,-1,1
uno,44.64,195.269,0.00073952,2,-1,1
uno,44.64,192.928,0.000882107,2,-1,1
uno,44.64,197.217,0.000785914,2,-1,1
uno,44.64,187.136,0.000633563,2,-1,1
uno,44.64,192.924,0.000817867,2,-1,1
uno,44.64,192.472,0.00107797,2,-1,1
uno,44.64,191.671,0.000703021,2,-1,1
uno,44.64,195,0.000734015,2,-1,1
uno,44.64,196.851,0.000606732,2,-1,1
uno,44.64,193.046,0.000930748,2,-1,1
uno,44.64,196.357,0.000863597,2,-1,1
uno,44.64,194.336,0.000686557,2,-1,1
uno,44.64,191.564,0.0012023,2,-1,1
uno,44.64,191.141,0.000689812,2,-1,1
uno,44.64,194.928,0.000750618,2,-1,1
uno,44.64,192.396,0.000772796,2,-1,1
uno,44.64,193.304,0.000691861,2,-1,1
uno,44.64,194.556,0.000962556,2,-1,1
uno,44.64,193.362,0.00105273,2,-1,1
uno,44.64,194.628,0.000757149,2,-1,1
uno,44.64,194.517,0.000724995,2,-1,1
uno,44.64,194.115,0.000637173,2,-1,1
uno,44.64,190.061,0.000793383,2,-1,1
uno,44.64,193.698,0.000628256,2,-1,1
uno,44.64,192.199,0.000695042,2,-1,1
uno,44.64,195.003,0.000826527,2,-1,1
uno,44.64,192.513,0.00102056,2,-1,1
uno,44.64,193.157,0.00149903,2,-1,1
uno,44.64,193.811,0.000648068,2,-1,1
uno,44.64,187.908,0.000635199,2,-1,1
uno,44.64,199.198,0.000746719,2,-1,1
uno,44.64,193.129,0.000751176,2,-1,1
uno,44.64,192.073,0.000932322,2,-1,1
uno,44.64,186.023,0.000642866,2,-1,1
uno,44.64,194.465,0.00106882,2,-1,1
uno,44.64,191.29,0.000694228,2,-1,1
uno,44.64,191.599,0.000876166,2,-1,1
uno,44.64,185.116,0.000784235,2,-1,1
uno,44.64,190.105,0.000885537,2,-1,1
uno,44.64,198.603,0.000746684,2,-1,1
uno,44.64,181.476,0.000838994,2,-1,1
uno,44.64,186.799,0.000616011,2,-1,1
uno,44.64,193.551,0.000596842,2,-1,1
uno,44.64,193.605,0.000607757,2,-1,1
uno,44.64,191.218,0.000588529,2,-1,1
uno,44.64,196.02,0.00057707,2,-1,1
uno,44.64,193.806,0.000575403,2,-1,1
uno,53.568,194.1,0.000634801,3,-1,1
uno,53.568,193.245,0.000686423,3,-1,1
uno,53.568,194.009,0.000751712,3,-1,1
uno,53.568,192.58,0.000635347,3,-1,1
uno,53.568,193.568,0.000647182,3,-1,1
uno,53.568,185.035,0.000530444,3,-1,1
uno,53.568,190.302,0.000634977,3,-1,1
uno,53.568,195.59,0.00056043,3,-1,1
uno,53.568,192.219,0.000729609,3,-1,1
uno,53.568,192.375,0.000581598,3,-1,1
uno,53.568,192.649,0.000743186,3,-1,1
uno,53.568,190.205,0.000671652,3,-1,1
uno,53.568,193.906,0.000659177,3,-1,1
uno,53.568,193.246,0.000561427,3,-1,1
uno,53.568,194.524,0.000543893,3,-1,1
uno,53.568,191.582,0.000874374,3,-1,1
uno,53.568,192.65,0.000669913,3,-1,1
uno,53.568,192.671,0.000812585,3,-1,1
uno,53.568,194.623,0.000614913,3,-1,1
uno,53.568,196.049,0.000616301,3,-1,1
uno,53.568,194.714,0.000603405,3,-1,1
uno,53.568,196.613,0.000820382,3,-1,1
uno,53.568,192.297,0.000995976,3,-1,1
uno,53.568,194.741,0.000559785,3,-1,1
uno,53.568,192.718,0.000725908,3,-1,1
uno,53.568,192.742,0.000513733,3,-1,1
uno,53.568,193.239,0.000603467,3,-1,1
uno,53.568,194.094,0.000780333,3,-1,1
uno,53.568,190.95,0.000527105,3,-1,1
uno,53.568,189.829,0.000556744,3,-1,1
uno,53.568,186.151,0.000599874,3,-1,1
uno,53.568,187.563,0.000518121,3,-1,1
uno,53.568,193.199,0.000574176,3,-1,1
uno,53.568,195.184,0.000507878,3,-1,1
uno,53.568,194.133,0.00050361,3,-1,1
uno,53.568,195.185,0.000500294,3,-1,1
uno,53.568,191.235,0.000490534,3,-1,1
uno,53.568,195.091,0.000484011,3,-1,1
uno,53.568,189.808,0.000483504,3,-1,1
uno,53.568,189.952,0.00047898,3,-1,1
uno,53.568,194.794,0.00047189,3,-1,1
uno,53.568,193.29,0.000469073,3,-1,1
uno,53.568,190.948,0.000466638,3,-1,1
uno,53.568,190.609,0.000465782,3,-1,1
uno,53.568,191.014,0.000465479,3,-1,1
uno,53.568,192.149,0.000465285,3,-1,1
uno,53.568,192.08,0.000462774,3,-1,1
uno,53.568,194.791,0.00045705,3,-1,1
uno,53.568,192.971,0.000447267,3,-1,1
uno,53.568,192.349,0.000443426,3,-1,1
uno,53.568,190.444,0.000440672,3,-1,1
uno,53.568,191.072,0.000435652,3,-1,1
uno,53.568,190.647,0.0004344,3,-1,1
uno,53.568,192.883,0.00043171,3,-1,1
uno,53.568,192.503,0.000427598,3,-1,1
uno,53.568,191.02,0.00042507,3,-1,1
uno,53.568,193.638,0.00041437,3,-1,1
uno,53.568,187.972,0.000407931,3,-1,1
uno,53.568,192.478,0.00040592,3,-1,1
uno,53.568,188.159,0.00040578,3,-1,1
uno,53.568,188.716,0.000404485,3,-1,1
uno,53.568,191.528,0.000401615,3,-1,1
uno,53.568,193.922,0.000399595,3,-1,1
uno,64.2816,195.385,0.000639245,4,-1,1
uno,64.2816,194.177,0.000537089,4,-1,1
uno,64.2816,192.143,0.000673248,4,-1,1
uno,64.2816,190.429,0.00040226,4,-1,1
uno,64.2816,192.185,0.000524145,4,-1,1
uno,64.2816,192.064,0.000518436,4,-1,1
uno,64.2816,192.91,0.00038043,4,-1,1
uno,64.2816,191.289,0.000456354,4,-1,1
uno,64.2816,191.508,0.000493168,4,-1,1
uno,64.2816,188.611,0.000331762,4,-1,1
uno,64.2816,192.944,0.000523628,4,-1,1
uno,64.2816,190.42,0.000393144,4,-1,1
uno,64.2816,190.879,0.000332871,4,-1,1
uno,64.2816,193.395,0.000403331,4,-1,1
uno,64.2816,192.69,0.00040229,4,-1,1
uno,64.2816,189.256,0.000365516,4,-1,1
uno,64.2816,191.608,0.00050379,4,-1,1
uno,64.2816,191.738,0.000450861,4,-1,1
uno,64.2816,188.739,0.000350789,4,-1,1
uno,64.2816,190.792,0.000583786,4,-1,1
uno,64.2816,190.941,0.000345608,4,-1,1
uno,64.2816,191.44,0.000451216,4,-1,1
uno,64.2816,190.917,0.000329299,4,-1,1
uno,64.2816,191.355,0.00056208,4,-1,1
uno,64.2816,194.834,0.000341273,4,-1,1
uno,64.2816,194.087,0.000469202,4,-1,1
uno,64.2816,192.839,0.000500961,4,-1,1
uno,64.2816,195.282,0.000344301,4,-1,1
uno,64.2816,191.116,0.000553878,4,-1,1
uno,64.2816,194.64,0.000448586,4,-1,1
uno,64.2816,190.715,0.000453411,4,-1,1
uno,64.2816,188.392,0.000600488,4,-1,1
uno,64.2816,193.681,0.000356682,4,-1,1
uno,64.2816,192.637,0.000347964,4,-1,1
uno,64.2816,192.32,0.000414638,4,-1,1
uno,64.2816,191.679,0.000543001,4,-1,1
uno,64.2816,187.507,0.000400586,4,-1,1
uno,64.2816,190.819,0.000383269,4,-1,1
uno,64.2816,193.998,0.000415098,4,-1,1
uno,64.2816,191.534,0.000522961,4,-1,1
uno,64.2816,190.96,0.00074461,4,-1,1
uno,64.2816,190.85,0.000779375,4,-1,1
uno,64.2816,192.902,0.00040729,4,-1,1
uno,64.2816,192.747,0.000400229,4,-1,1
uno,64.2816,191.788,0.000563024,4,-1,1
uno,64.2816,190.256,0.000389396,4,-1,1
uno,64.2816,194.529,0.000327227,4,-1,1
uno,64.2816,191.462,0.000322311,4,-1,1
uno,64.2816,195.291,0.0003216,4,-1,1
uno,64.2816,191.719,0.000306538,4,-1,1
uno,64.2816,188.553,0.000306353,4,-1,1
uno,64.2816,190.75,0.000294825,4,-1,1
uno,77.1379,191.681,0.00049272,5,-1,1
uno,77.1379,191.734,0.000285451,5,-1,1
uno,77.1379,193.303,0.000237251,5,-1,1
uno,77.1379,191.687,0.000392204,5,-1,1
uno,77.1379,196.39,0.000399114,5,-1,1
uno,77.1379,189.651,0.000580932,5,-1,1
uno,77.1379,192.177,0.000396049,5,-1,1
uno,77.1379,191.82,0.000422212,5,-1,1
uno,77.1379,192.971,0.000416521,5,-1,1
uno,77.1379,191.287,0.000458071,5,-1,1
uno,77.1379,194.79,0.000268071,5,-1,1
uno,77.1379,189.347,0.00043438,5,-1,1
uno,77.1379,191.055,0.000431478,5,-1,1
uno,77.1379,194.796,0.00033746,5,-1,1
uno,77.1379,193.855,0.000319285,5,-1,1
uno,77.1379,190.459,0.000424556,5,-1,1
uno,77.1379,190.225,0.000253814,5,-1,1
uno,77.1379,190.629,0.000518417,5,-1,1
uno,77.1379,189.417,0.000286126,5,-1,1
uno,77.1379,190.739,0.000330166,5,-1,1
uno,77.1379,198.235,0.000323975,5,-1,1
uno,77.1379,191.477,0.000416614,5,-1,1
uno,77.1379,191.56,0.000393356,5,-1,1
uno,77.1379,188.603,0.000247503,5,-1,1
uno,77.1379,187.984,0.000253435,5,-1,1
uno,77.1379,188.84,0.000269541,5,-1,1
uno,77.1379,188.229,0.000266373,5,-1,1
uno,77.1379,194.431,0.000300198,5,-1,1
uno,77.1379,189.426,0.000247748,5,-1,1
uno,77.1379,193.758,0.000303986,5,-1,1
uno,77.1379,190.27,0.000309706,5,-1,1
uno,77.1379,190.196,0.000373119,5,-1,1
uno,77.1379,192.615,0.000254531,5,-1,1
uno,77.1379,192.83,0.000290053,5,-1,1
uno,77.1379,62.5521,0.00026393,5,-1,1
uno,77.1379,193.611,0.000293486,5,-1,1
uno,77.1379,145.691,0.000289198,5,-1,1
uno,77.1379,193.191,0.000270118,5,-1,1
uno,77.1379,190.869,0.000288506,5,-1,1
uno,77.1379,191.123,0.000322838,5,-1,1
uno,77.1379,155.097,0.000395471,5,-1,1
uno,77.1379,194.419,0.000242476,5,-1,1
uno,77.1379,189.586,0.000235433,5,-1,1
uno,77.1379,195.203,0.000231298,5,-1,1
uno,92.5655,196.627,0.000274144,6,-1,1
uno,92.5655,191.973,0.000228572,6,-1,1
uno,92.5655,193.046,0.000279553,6,-1,1
uno,92.5655,194.966,0.000298645,6,-1,1
uno,92.5655,193.86,0.000255452,6,-1,1
uno,92.5655,192.196,0.000326547,6,-1,1
uno,92.5655,190.151,0.000292704,6,-1,1
uno,92.5655,193.611,0.00024645,6,-1,1
uno,92.5655,194.508,0.000235166,6,-1,1
uno,92.5655,192.878,0.000340291,6,-1,1
uno,92.5655,191.79,0.000276473,6,-1,1
uno,92.5655,193.562,0.000293451,6,-1,1
uno,92.5655,190.381,0.000301729,6,-1,1
uno,92.5655,197.6,0.000268793,6,-1,1
uno,92.5655,171.119,0.000260984,6,-1,1
uno,92.5655,193.96,0.00023367,6,-1,1
uno,92.5655,190.342,0.000361116,6,-1,1
uno,92.5655,192.065,0.000222595,6,-1,1
uno,92.5655,191.84,0.000307219,6,-1,1
uno,92.5655,190.73,0.000254894,6,-1,1
uno,92.5655,193.523,0.000262342,6,-1,1
uno,92.5655,193.37,0.000221404,6,-1,1
uno,92.5655,192.833,0.000218347,6,-1,1
uno,92.5655,194.519,0.000214435,6,-1,1
uno,92.5655,190.237,0.000208652,6,-1,1
uno,92.5655,192.452,0.000204498,6,-1,1
uno,92.5655,61.6669,0.000203939,6,-1,1
uno,92.5655,188.708,0.000199511,6,-1,1
uno,92.5655,191.23,0.000195612,6,-1,1
uno,92.5655,191.958,0.000195449,6,-1,1
uno,92.5655,196.151,0.000189896,6,-1,1
uno,92.5655,192.996,0.000188,6,-1,1
uno,92.5655,100.594,0.000174436,6,-1,1
uno,92.5655,196.415,0.000173584,6,-1,1
uno,92.5655,193.551,0.000172744,6,-1,1
uno,92.5655,188.238,0.000163387,6,-1,1
uno,111.079,191.272,0.000207638,7,-1,1
uno,111.079,193.129,0.00016807,7,-1,1
uno,111.079,190.846,0.0002587,7,-1,1
uno,111.079,57.6699,0.000248206,7,-1,1
uno,111.079,171.311,0.000247594,7,-1,1
uno,111.079,194.009,0.000183041,7,-1,1
uno,111.079,196.451,0.000230968,7,-1,1
uno,111.079,192.775,0.000160062,7,-1,1
uno,111.079,112.91,0.000204655,7,-1,1
uno,111.079,194.113,0.000228428,7,-1,1
uno,111.079,193.782,0.00018412,7,-1,1
uno,111.079,192.337,0.000224022,7,-1,1
uno,111.079,193.5,0.000209195,7,-1,1
uno,111.079,194.222,0.000178655,7,-1,1
uno,111.079,194.405,0.000208206,7,-1,1
uno,111.079,196.759,0.00017491,7,-1,1
uno,111.079,190.544,0.000174398,7,-1,1
uno,111.079,311.437,0.000178375,7,-1,1
uno,111.079,195.183,0.000186482,7,-1,1
uno,111.079,195.381,0.000170562,7,-1,1
uno,111.079,191.311,0.000187457,7,-1,1
uno,111.079,195.399,0.000176256,7,-1,1
uno,111.079,195.023,0.000170845,7,-1,1
uno,111.079,329.721,0.000180731,7,-1,1
uno,111.079,193.726,0.000159048,7,-1,1
uno,111.079,254.961,0.000155907,7,-1,1
uno,111.079,344.455,0.000155815,7,-1,1
uno,111.079,193.589,0.000154435,7,-1,1
uno,111.079,176.155,0.00015348,7,-1,1
uno,111.079,348.844,0.000153315,7,-1,1
uno,111.079,193.554,0.000153222,7,-1,1
dos,31,287.147,0.00135318,0,-1,2
dos,31,334.893,0.000963633,0,-1,2
dos,31,279.981,0.000968862,0,-1,2
dos,31,282.736,0.000860312,0,-1,2
dos,31,296.878,0.000874451,0,-1,2
dos,31,288.798,0.000861537,0,-1,2
dos,31,288.002,0.00086708,0,-1,2
dos,31,288.06,0.00135727,0,-1,2
dos,31,325.759,0.00156721,0,-1,2
dos,31,290.31,0.00138299,0,-1,2
dos,31,291.886,0.00106688,0,-1,2
dos,31,287.316,0.00105867,0,-1,2
dos,31,292.051,0.00295965,0,-1,2
dos,31,287.168,0.000919954,0,-1,2
dos,31,321.05,0.00176617,0,-1,2
dos,31,299.955,0.0219032,0,-1,2
dos,31,319.191,0.00130764,0,-1,2
dos,31,288.947,0.000936401,0,-1,2
dos,31,289.559,0.000953954,0,-1,2
dos,31,321.723,0.000987004,0,-1,2
dos,31,312.269,0.0165702,0,-1,2
dos,31,288.538,0.000958139,0,-1,2
dos,31,291.075,0.00140616,0,-1,2
dos,31,292.053,0.00253134,0,-1,2
dos,31,287.907,0.00115278,0,-1,2
dos,31,320.2,0.00130109,0,-1,2
dos,31,289.68,0.00108777,0,-1,2
dos,31,337.208,0.00103805,0,-1,2
dos,31,284.665,0.000932666,0,-1,2
dos,31,288.916,0.00108625,0,-1,2
dos,31,289.906,0.0016625,0,-1,2
dos,31,279.654,0.00136863,0,-1,2
dos,31,285.748,0.00104497,0,-1,2
dos,31,289.669,0.00129973,0,-1,2
dos,31,290.612,0.00141908,0,-1,2
dos,31,284.721,0.00602844,0,-1,2
dos,31,281.29,0.00114649,0,-1,2
dos,31,337.773,0.00109723,0,-1,2
dos,31,284.386,0.00112028,0,-1,2
dos,31,287.87,0.000875389,0,-1,2
dos,31,290.862,0.000981978,0,-1,2
dos,31,282.534,0.000854577,0,-1,2
dos,31,291.105,0.000976476,0,-1,2
dos,31,287.471,0.00106939,0,-1,2
dos,31,292.263,0.000926902,0,-1,2
dos,31,290.443,0.00116041,0,-1,2
dos,31,332.68,0.00204754,0,-1,2
dos,31,285.842,0.00118941,0,-1,2
dos,31,273.981,0.000864132,0,-1,2
dos,31,285.193,0.000854167,0,-1,2
dos,31,286.26,0.000662365,0,-1,2
dos,31,287.531,0.000844685,0,-1,2
dos,31,274.672,0.000717241,0,-1,2
dos,31,287.174,0.000848789,0,-1,2
dos,31,272.355,0.000848829,0,-1,2
dos,31,289.609,0.000718919,0,-1,2
dos,31,287.183,0.000639243,0,-1,2
dos,31,289.784,0.000845853,0,-1,2
dos,31,290.019,0.000798391,0,-1,2
dos,31,288.968,0.000755627,0,-1,2
dos,31,269.06,0.000846466,0,-1,2
dos,31,276.44,0.000800887,0,-1,2
dos,31,280.147,0.00075168,0,-1,2
dos,31,288.945,0.000821104,0,-1,2
dos,31,290.256,0.00076773,0,-1,2
dos,31,289.044,0.00072114,0,-1,2
dos,31,279.496,0.00078752,0,-1,2
dos,31,285.717,0.000706277,0,-1,2
dos,31,283.294,0.000651117,0,-1,2
dos,31,285.92,0.000838422,0,-1,2
dos,31,288.358,0.000765622,0,-1,2
dos,31,286.112,0.000638175,0,-1,2
dos,31,289.654,0.000744734,0,-1,2
dos,31,287.678,0.000818417,0,-1,2
dos,31,290.665,0.000839207,0,-1,2
dos,31,284.121,0.000773477,0,-1,2
dos,31,283.519,0.000772628,0,-1,2
dos,31,290.923,0.000827198,0,-1,2
dos,31,289.867,0.000797453,0,-1,2
dos,31,288.528,0.000818556,0,-1,2
dos,31,289.474,0.000706794,0,-1,2
dos,31,295.729,0.00081285,0,-1,2
dos,31,285.218,0.00066964,0,-1,2
dos,31,281.561,0.000705546,0,-1,2
dos,31,280.589,0.000731425,0,-1,2
dos,31,286.786,0.000634842,0,-1,2
dos,31,283.069,0.000596987,0,-1,2
dos,31,289.684,0.000535692,0,-1,2
dos,31,289.226,0.000520485,0,-1,2
dos,31,282.631,0.000571959,0,-1,2
dos,31,276.92,0.000518948,0,-1,2
dos,31,284.532,0.000623152,0,-1,2
dos,31,286.455,0.000594186,0,-1,2
dos,31,286.365,0.000560879,0,-1,2
dos,31,291.791,0.000580041,0,-1,2
dos,31,290.285,0.000599108,0,-1,2
dos,31,290.845,0.000557277,0,-1,2
dos,31,285.456,0.0005652,0,-1,2
dos,31,290.55,0.0005053,0,-1,2
dos,31,277.313,0.000532166,0,-1,2
dos,31,290.566,0.00053122,0,-1,2
dos,31,291.086,0.00061665,0,-1,2
dos,31,283.705,0.00049993,0,-1,2
dos,31,282.663,0.000499469,0,-1,2
dos,31,282.466,0.000496258,0,-1,2
dos,31,291.316,0.000490773,0,-1,2
dos,31,322.147,0.000489864,0,-1,2
dos,31,291.444,0.000482307,0,-1,2
dos,31,287.329,0.00048176,0,-1,2
dos,37.2,326.132,0.000614269,1,-1,2
dos,37.2,291.29,0.00039383,1,-1,2
dos,37.2,285.943,0.000464905,1,-1,2
dos,37.2,277.95,0.000456634,1,-1,2
dos,37.2,279.48,0.000416504,1,-1,2
dos,37.2,290.386,0.00106156,1,-1,2
dos,37.2,288.566,0.000494961,1,-1,2
dos,37.2,316.773,0.00426776,1,-1,2
dos,37.2,283.072,0.000452062,1,-1,2
dos,37.2,145.382,0.000427811,1,-1,2
dos,37.2,282.925,0.000599404,1,-1,2
dos,37.2,285.61,0.000486203,1,-1,2
dos,37.2,297.143,0.000359247,1,-1,2
dos,37.2,145.765,0.000598444,1,-1,2
dos,37.2,313.008,0.000503159,1,-1,2
dos,37.2,274.288,0.000568578,1,-1,2
dos,37.2,281.339,0.000472559,1,-1,2
dos,37.2,280.411,0.000445935,1,-1,2
dos,37.2,286.562,0.000384196,1,-1,2
dos,37.2,280.058,0.000456899,1,-1,2
dos,37.2,286.016,0.0003686,1,-1,2
dos,37.2,289.091,0.000661113,1,-1,2
dos,37.2,272.704,0.000457322,1,-1,2
dos,37.2,280.592,0.000665913,1,-1,2
dos,37.2,288.588,0.000360622,1,-1,2
dos,37.2,314.239,0.000467747,1,-1,2
dos,37.2,287.761,0.000547165,1,-1,2
dos,37.2,286.567,0.000487785,1,-1,2
dos,37.2,280.841,0.00127148,1,-1,2
dos,37.2,314.103,0.000360639,1,-1,2
dos,37.2,324.552,0.000384741,1,-1,2
dos,37.2,324.311,0.00122276,1,-1,2
dos,37.2,289.268,0.000921917,1,-1,2
dos,37.2,301.373,0.00830218,1,-1,2
dos,37.2,282.478,0.000361203,1,-1,2
dos,37.2,284.28,0.000351953,1,-1,2
dos,37.2,288.779,0.000800967,1,-1,2
dos,37.2,295.528,0.000516864,1,-1,2
dos,37.2,313.586,0.000600059,1,-1,2
dos,37.2,289.536,0.000432331,1,-1,2
dos,37.2,289.85,0.00117114,1,-1,2
dos,37.2,286.699,0.000545188,1,-1,2
dos,37.2,283.738,0.000650896,1,-1,2
dos,37.2,287.41,0.0006025,1,-1,2
dos,37.2,313.52,0.00071523,1,-1,2
dos,37.2,288.858,0.000541985,1,-1,2
dos,37.2,303.491,0.011083,1,-1,2
dos,37.2,311.144,0.00867586,1,-1,2
dos,37.2,285.759,0.000366466,1,-1,2
dos,37.2,287.745,0.000590805,1,-1,2
dos,37.2,278.115,0.00109994,1,-1,2
dos,37.2,286.227,0.000647532,1,-1,2
dos,37.2,314.109,0.00101042,1,-1,2
dos,37.2,283.656,0.000469476,1,-1,2
dos,37.2,283.287,0.000451358,1,-1,2
dos,37.2,290.19,0.000359558,1,-1,2
dos,37.2,277.652,0.000648608,1,-1,2
dos,37.2,288.871,0.000389976,1,-1,2
dos,37.2,327.483,0.000382706,1,-1,2
dos,37.2,279.094,0.00045162,1,-1,2
dos,37.2,283.562,0.000349366,1,-1,2
dos,37.2,285.745,0.000696581,1,-1,2
dos,37.2,291.857,0.000612658,1,-1,2
dos,37.2,279.02,0.000450591,1,-1,2
dos,37.2,283.229,0.000345979,1,-1,2
dos,37.2,288.831,0.000271678,1,-1,2
dos,37.2,143.702,0.000260701,1,-1,2
dos,37.2,322.979,0.000279246,1,-1,2
dos,37.2,287.151,0.000290922,1,-1,2
dos,37.2,288.909,0.000268131,1,-1,2
dos,37.2,275.232,0.000262695,1,-1,2
dos,37.2,295.102,0.000340739,1,-1,2
dos,37.2,288.227,0.000309844,1,-1,2
dos,37.2,284.336,0.000279395,1,-1,2
dos,37.2,289.724,0.00029317,1,-1,2
dos,37.2,283.904,0.000261546,1,-1,2
dos,37.2,280.196,0.000292844,1,-1,2
dos,37.2,279.087,0.000291055,1,-1,2
dos,37.2,288.315,0.000343133,1,-1,2
dos,37.2,287.512,0.000270045,1,-1,2
dos,37.2,286.247,0.000341615,1,-1,2
dos,37.2,283.194,0.000298063,1,-1,2
dos,37.2,287.325,0.000266882,1,-1,2
dos,37.2,285.76,0.00026307,1,-1,2
dos,37.2,278.882,0.000283417,1,-1,2
dos,37.2,288.705,0.000309627,1,-1,2
dos,37.2,283.057,0.000326411,1,-1,2
dos,37.2,275.808,0.000255766,1,-1,2
dos,37.2,289.585,0.00025187,1,-1,2
dos,37.2,290.9,0.00025159,1,-1,2
dos,44.64,287.524,0.000416431,2,-1,2
dos,44.64,109.95,0.000182415,2,-1,2
dos,44.64,294.027,0.00058187,2,-1,2
dos,44.64,289.123,0.000314299,2,-1,2
dos,44.64,286.684,0.000229229,2,-1,2
dos,44.64,287.168,0.000182924,2,-1,2
dos,44.64,287.509,0.000167663,2,-1,2
dos,44.64,120.795,0.000327699,2,-1,2
dos,44.64,285.9,0.000421924,2,-1,2
dos,44.64,317.95,0.000317491,2,-1,2
dos,44.64,285.357,0.000299778,2,-1,2
dos,44.64,310.34,0.000410973,2,-1,2
dos,44.64,283.896,0.00016799,2,-1,2
dos,44.64,317.592,0.000401699,2,-1,2
dos,44.64,289.981,0.000268769,2,-1,2
dos,44.64,285.111,0.000244684,2,-1,2
dos,44.64,287.827,0.000540815,2,-1,2
dos,44.64,291.358,0.00028477,2,-1,2
dos,44.64,274.117,0.000519332,2,-1,2
dos,44.64,286.427,0.000224224,2,-1,2
dos,44.64,181.669,0.000215251,2,-1,2
dos,44.64,282.224,0.000196472,2,-1,2
dos,44.64,288.46,0.000199171,2,-1,2
dos,44.64,284.774,0.000305847,2,-1,2
dos,44.64,127.634,0.000624331,2,-1,2
dos,44.64,284.117,0.000268692,2,-1,2
dos,44.64,317.648,0.000216926,2,-1,2
dos,44.64,134.147,0.000505306,2,-1,2
dos,44.64,288.852,0.000276803,2,-1,2
dos,44.64,287.688,0.000172548,2,-1,2
dos,44.64,292.663,0.000217831,2,-1,2
dos,44.64,277.107,0.000504623,2,-1,2
dos,44.64,309.624,0.000364091,2,-1,2
dos,44.64,285.33,0.000371131,2,-1,2
dos,44.64,281.538,0.000317778,2,-1,2
dos,44.64,283.836,0.000322098,2,-1,2
dos,44.64,291.198,0.000177818,2,-1,2
dos,44.64,284.611,0.000408182,2,-1,2
dos,44.64,288.079,0.000184002,2,-1,2
dos,44.64,281.916,0.000186546,2,-1,2
dos,44.64,285.715,0.000194077,2,-1,2
dos,44.64,285.422,0.000358732,2,-1,2
dos,44.64,101.323,0.000180681,2,-1,2
dos,44.64,218.967,0.000385799,2,-1,2
dos,44.64,65.2996,0.000239457,2,-1,2
dos,44.64,287.056,0.000311802,2,-1,2
dos,44.64,289.145,0.000280773,2,-1,2
dos,44.64,287.669,0.000455428,2,-1,2
dos,44.64,285.669,0.000391009,2,-1,2
dos,44.64,310.502,0.000299615,2,-1,2
dos,44.64,282.612,0.000192148,2,-1,2
dos,44.64,165.313,0.00028093,2,-1,2
dos,44.64,286.431,0.000182315,2,-1,2
dos,44.64,284.209,0.000402582,2,-1,2
dos,44.64,275.475,0.000584083,2,-1,2
dos,44.64,287.764,0.000420253,2,-1,2
dos,44.64,286.566,0.000587386,2,-1,2
dos,44.64,281.741,0.00023518,2,-1,2
dos,44.64,286,0.000228988,2,-1,2
dos,44.64,293.418,0.000318045,2,-1,2
dos,44.64,286.012,0.000170795,2,-1,2
dos,44.64,278.445,0.000262024,2,-1,2
dos,44.64,312.976,0.000195917,2,-1,2
dos,44.64,283.429,0.000300785,2,-1,2
dos,44.64,311.29,0.000273178,2,-1,2
dos,44.64,278.904,0.00193422,2,-1,2
dos,44.64,285.795,0.000352811,2,-1,2
dos,44.64,271.554,0.000171652,2,-1,2
dos,44.64,128.689,0.000289919,2,-1,2
dos,44.64,339.269,0.0001673,2,-1,2
dos,44.64,57.4692,0.000165864,2,-1,2
dos,44.64,332.881,0.000163902,2,-1,2
dos,44.64,276.155,0.000163427,2,-1,2
dos,44.64,278.757,0.000161599,2,-1,2
dos,44.64,358.743,0.000161344,2,-1,2
dos,53.568,284.402,0.000310184,3,-1,2
dos,53.568,284.413,0.000448535,3,-1,2
dos,53.568,115.857,0.000369669,3,-1,2
dos,53.568,284.122,0.00029669,3,-1,2
dos,53.568,214.716,0.000355565,3,-1,2
dos,53.568,307.772,0.000456225,3,-1,2
dos,53.568,276.408,0.000639646,3,-1,2
dos,53.568,112.579,0.000498121,3,-1,2
dos,53.568,283.778,0.000285907,3,-1,2
dos,53.568,118.522,0.000308636,3,-1,2
dos,53.568,272.486,0.000313943,3,-1,2
dos,53.568,307.377,0.000553909,3,-1,2
dos,53.568,114.309,0.000324923,3,-1,2
dos,53.568,273.285,0.000401009,3,-1,2
dos,53.568,157.016,0.000318055,3,-1,2
dos,53.568,282.655,0.000272352,3,-1,2
dos,53.568,119.743,0.000515753,3,-1,2
dos,53.568,310.057,0.000293854,3,-1,2
dos,53.568,275.52,0.000286503,3,-1,2
dos,53.568,282.552,0.00034047,3,-1,2
dos,53.568,284.858,0.000294891,3,-1,2
dos,53.568,296.695,0.000270148,3,-1,2
dos,53.568,286.652,0.000247341,3,-1,2
dos,53.568,356.223,0.000213867,3,-1,2
dos,53.568,68.1968,0.000241778,3,-1,2
dos,53.568,172.299,0.000240013,3,-1,2
dos,53.568,84.4122,0.000206021,3,-1,2
dos,53.568,345.064,0.000219574,3,-1,2
dos,53.568,170.972,0.000247375,3,-1,2
dos,53.568,307.83,0.000220734,3,-1,2
dos,53.568,289.78,0.000235487,3,-1,2
dos,53.568,284.44,0.000215313,3,-1,2
dos,53.568,284.88,0.000208678,3,-1,2
dos,53.568,281.059,0.000246657,3,-1,2
dos,53.568,291.357,0.000253304,3,-1,2
dos,53.568,284.015,0.000267127,3,-1,2
dos,53.568,213.659,0.000206354,3,-1,2
dos,53.568,288.297,0.000219202,3,-1,2
dos,53.568,59.8304,0.000208806,3,-1,2
dos,53.568,282.966,0.000255405,3,-1,2
dos,53.568,303.219,0.000219285,3,-1,2
dos,53.568,286.388,0.000221698,3,-1,2
dos,53.568,309.974,0.000198158,3,-1,2
dos,53.568,286.091,0.000198067,3,-1,2
dos,53.568,283.132,0.000197821,3,-1,2
dos,53.568,283.065,0.000194633,3,-1,2
dos,53.568,209.696,0.000194433,3,-1,2
dos,53.568,106.851,0.000192914,3,-1,2
dos,53.568,286.389,0.000192272,3,-1,2
dos,53.568,285.206,0.000187343,3,-1,2
dos,53.568,185.295,0.000185461,3,-1,2
dos,53.568,284.687,0.000183847,3,-1,2
dos,53.568,284.202,0.000171885,3,-1,2
dos,53.568,285.758,0.000171871,3,-1,2
dos,53.568,288.491,0.000171783,3,-1,2
dos,53.568,291.833,0.000160451,3,-1,2
dos,53.568,50.8249,0.000160419,3,-1,2
dos,53.568,0.759039,0.000159726,3,-1,2
dos,53.568,126.962,0.000159299,3,-1,2
dos,53.568,249.431,0.000157876,3,-1,2
dos,53.568,4.89129,0.000154709,3,-1,2
dos,53.568,289.165,0.00015034,3,-1,2
dos,53.568,70.8919,0.000149066,3,-1,2
dos,64.2816,304.244,0.000474149,4,-1,2
dos,64.2816,108.526,0.000624759,4,-1,2
dos,64.2816,306.475,0.000359224,4,-1,2
dos,64.2816,108.863,0.000274693,4,-1,2
dos,64.2816,105.684,0.000274376,4,-1,2
dos,64.2816,116.805,0.000329289,4,-1,2
dos,64.2816,102.41,0.000251777,4,-1,2
dos,64.2816,303.706,0.000304449,4,-1,2
dos,64.2816,58.3889,0.000267975,4,-1,2
dos,64.2816,130.485,0.000411561,4,-1,2
dos,64.2816,103.684,0.000270563,4,-1,2
dos,64.2816,105.989,0.000374284,4,-1,2
dos,64.2816,213.56,0.000308886,4,-1,2
dos,64.2816,103.576,0.000449423,4,-1,2
dos,64.2816,272.508,0.000245596,4,-1,2
dos,64.2816,283.652,0.000202676,4,-1,2
dos,64.2816,314.098,0.000159388,4,-1,2
dos,64.2816,211.55,0.000234707,4,-1,2
dos,64.2816,182.857,0.000175579,4,-1,2
dos,64.2816,85.7616,0.000191062,4,-1,2
dos,64.2816,61.4389,0.000158538,4,-1,2
dos,64.2816,283.579,0.000170515,4,-1,2
dos,64.2816,110.156,0.000217156,4,-1,2
dos,64.2816,167.883,0.000201977,4,-1,2
dos,64.2816,297.81,0.000185085,4,-1,2
dos,64.2816,280.32,0.000194937,4,-1,2
dos,64.2816,282.114,0.000185691,4,-1,2
dos,64.2816,288.747,0.000160782,4,-1,2
dos,64.2816,294.442,0.000224716,4,-1,2
dos,64.2816,289.784,0.000160969,4,-1,2
dos,64.2816,98.9826,0.0001654,4,-1,2
dos,64.2816,151.706,0.000172779,4,-1,2
dos,64.2816,340.067,0.000193831,4,-1,2
dos,64.2816,303.415,0.000214454,4,-1,2
dos,64.2816,4.04103,0.00023565,4,-1,2
dos,64.2816,284.082,0.000174982,4,-1,2
dos,64.2816,358.672,0.000158679,4,-1,2
dos,64.2816,70.8768,0.000215544,4,-1,2
dos,64.2816,180.451,0.000186016,4,-1,2
dos,64.2816,159.369,0.000229265,4,-1,2
dos,64.2816,220.464,0.00022223,4,-1,2
dos,64.2816,280.342,0.000157733,4,-1,2
dos,64.2816,43.5149,0.00015652,4,-1,2
dos,64.2816,346.307,0.000156164,4,-1,2
dos,64.2816,11.6593,0.000154923,4,-1,2
dos,64.2816,90.3857,0.00015407,4,-1,2
dos,64.2816,102.123,0.000151324,4,-1,2
dos,64.2816,256.475,0.000149841,4,-1,2
dos,64.2816,217.015,0.000149746,4,-1,2
dos,64.2816,26.1021,0.000145993,4,-1,2
dos,64.2816,343.032,0.00014228,4,-1,2
dos,64.2816,301.57,0.000140846,4,-1,2
dos,77.1379,301.578,0.000498623,5,-1,2
dos,77.1379,55.1823,0.000254586,5,-1,2
dos,77.1379,91.5422,0.000246781,5,-1,2
dos,77.1379,11.3472,0.000235278,5,-1,2
dos,77.1379,2.99488,0.000258415,5,-1,2
dos,77.1379,136.404,0.000209177,5,-1,2
dos,77.1379,345.324,0.000232244,5,-1,2
dos,77.1379,9.3794,0.000319934,5,-1,2
dos,77.1379,97.9427,0.000471266,5,-1,2
dos,77.1379,303.79,0.000350518,5,-1,2
dos,77.1379,180.337,0.000277453,5,-1,2
dos,77.1379,92.5037,0.000347573,5,-1,2
dos,77.1379,222.706,0.000210395,5,-1,2
dos,77.1379,189.004,0.000224318,5,-1,2
dos,77.1379,142.625,0.000240332,5,-1,2
dos,77.1379,97.8636,0.000357143,5,-1,2
dos,77.1379,188.839,0.00026803,5,-1,2
dos,77.1379,166.432,0.000248825,5,-1,2
dos,77.1379,299.986,0.000278824,5,-1,2
dos,77.1379,315.251,0.00025712,5,-1,2
dos,77.1379,300.097,0.00025794,5,-1,2
dos,77.1379,115.701,0.000265515,5,-1,2
dos,77.1379,92.7912,0.000238135,5,-1,2
dos,77.1379,345.294,0.000213372,5,-1,2
dos,77.1379,175.562,0.000351692,5,-1,2
dos,77.1379,94.0692,0.000304655,5,-1,2
dos,77.1379,82.8172,0.00026489,5,-1,2
dos,77.1379,117.129,0.000218783,5,-1,2
dos,77.1379,87.0106,0.00028733,5,-1,2
dos,77.1379,40.111,0.000226591,5,-1,2
dos,77.1379,305.134,0.000241393,5,-1,2
dos,77.1379,88.9734,0.000208273,5,-1,2
dos,77.1379,199.765,0.000207294,5,-1,2
dos,77.1379,84.3209,0.00020176,5,-1,2
dos,77.1379,42.8074,0.000194256,5,-1,2
dos,77.1379,168.637,0.000188501,5,-1,2
dos,77.1379,60.1111,0.000185131,5,-1,2
dos,77.1379,35.4792,0.000180702,5,-1,2
dos,77.1379,44.6604,0.000179261,5,-1,2
dos,77.1379,57.9002,0.0001788,5,-1,2
dos,77.1379,208.338,0.000169067,5,-1,2
dos,77.1379,21.1859,0.000168201,5,-1,2
dos,77.1379,347.618,0.000164711,5,-1,2
dos,77.1379,358.089,0.000164389,5,-1,2
dos,92.5655,84.3116,0.000237868,6,-1,2
dos,92.5655,120.717,0.000326349,6,-1,2
dos,92.5655,14.5812,0.000265426,6,-1,2
dos,92.5655,299.654,0.000331475,6,-1,2
dos,92.5655,35.8463,0.000430045,6,-1,2
dos,92.5655,231.422,0.000279818,6,-1,2
dos,92.5655,217.08,0.00027226,6,-1,2
dos,92.5655,17.3452,0.000251115,6,-1,2
dos,92.5655,175.604,0.000284092,6,-1,2
dos,92.5655,116.145,0.000269478,6,-1,2
dos,92.5655,82.7989,0.000255722,6,-1,2
dos,92.5655,301.358,0.000216814,6,-1,2
dos,92.5655,50.6636,0.000240685,6,-1,2
dos,92.5655,68.9254,0.00027016,6,-1,2
dos,92.5655,176.263,0.000386335,6,-1,2
dos,92.5655,79.3931,0.000349296,6,-1,2
dos,92.5655,92.5629,0.000543379,6,-1,2
dos,92.5655,297.602,0.000224536,6,-1,2
dos,92.5655,134.504,0.000356477,6,-1,2
dos,92.5655,347.98,0.000229352,6,-1,2
dos,92.5655,116.615,0.000295647,6,-1,2
dos,92.5655,139.256,0.000342731,6,-1,2
dos,92.5655,81.7879,0.000306577,6,-1,2
dos,92.5655,93.0482,0.000292969,6,-1,2
dos,92.5655,223.42,0.000238725,6,-1,2
dos,92.5655,348.487,0.000235015,6,-1,2
dos,92.5655,15.4078,0.000215946,6,-1,2
dos,92.5655,348.399,0.000214486,6,-1,2
dos,92.5655,359.715,0.000214219,6,-1,2
dos,92.5655,309.494,0.000208727,6,-1,2
dos,92.5655,329.142,0.000203152,6,-1,2
dos,92.5655,213.494,0.00019264,6,-1,2
dos,92.5655,299.208,0.000189229,6,-1,2
dos,92.5655,142.539,0.000188867,6,-1,2
dos,92.5655,33.0193,0.0001825,6,-1,2
dos,92.5655,141.18,0.000179912,6,-1,2
dos,111.079,132.85,0.000366228,7,-1,2
dos,111.079,297.501,0.000260499,7,-1,2
dos,111.079,138.076,0.000479622,7,-1,2
dos,111.079,192.195,0.000200707,7,-1,2
dos,111.079,17.1758,0.000220165,7,-1,2
dos,111.079,135.173,0.000328088,7,-1,2
dos,111.079,356.904,0.000193492,7,-1,2
dos,111.079,156.292,0.000278134,7,-1,2
dos,111.079,41.7714,0.000309447,7,-1,2
dos,111.079,86.6772,0.000265066,7,-1,2
dos,111.079,179.806,0.000449907,7,-1,2
dos,111.079,30.6159,0.000220083,7,-1,2
dos,111.079,87.7007,0.000354073,7,-1,2
dos,111.079,85.8302,0.000527322,7,-1,2
dos,111.079,347.671,0.000218075,7,-1,2
dos,111.079,33.4308,0.000368245,7,-1,2
dos,111.079,9.40092,0.000207253,7,-1,2
dos,111.079,303.766,0.000263424,7,-1,2
dos,111.079,297.193,0.000320354,7,-1,2
dos,111.079,79.1889,0.000382313,7,-1,2
dos,111.079,353.312,0.000194048,7,-1,2
dos,111.079,51.6069,0.000227455,7,-1,2
dos,111.079,193.479,0.00021344,7,-1,2
dos,111.079,236.118,0.000330678,7,-1,2
dos,111.079,345.26,0.000299492,7,-1,2
dos,111.079,97.2064,0.000316358,7,-1,2
dos,111.079,78.8036,0.000290063,7,-1,2
dos,111.079,294.812,0.000261236,7,-1,2
dos,111.079,224.484,0.000213228,7,-1,2
dos,111.079,142.412,0.00024909,7,-1,2
dos,111.079,293.486,0.000273237,7,-1,2
