id,a0,a1,a2,a3,a4,
cero,31,304.379,0.000163568,0,-1,0
cero,31,274.931,9.78E-05,0,-1,0
cero,31,84.5885,0.000143542,0,-1,0
cero,31,115.208,0.000179942,0,-1,0
cero,31,100.396,0.000113498,0,-1,0
cero,31,337.342,0.000125481,0,-1,0
cero,31,202.248,0.000168642,0,-1,0
cero,31,218.895,0.000124595,0,-1,0
cero,31,189.86,0.000195157,0,-1,0
cero,31,43.4852,0.000151889,0,-1,0
cero,31,91.5667,0.000201264,0,-1,0
cero,31,250.866,0.000152773,0,-1,0
cero,31,115.751,0.000107305,0,-1,0
cero,31,29.4557,0.000195303,0,-1,0
cero,31,166.259,0.000127145,0,-1,0
cero,31,34.8249,0.000122042,0,-1,0
cero,31,287.494,0.000193016,0,-1,0
cero,31,190.457,0.000143491,0,-1,0
cero,31,300.502,0.000164079,0,-1,0
cero,31,182.856,0.000118768,0,-1,0
cero,31,213.533,0.000124814,0,-1,0
cero,31,349.02,0.000110119,0,-1,0
cero,31,232.139,0.000176088,0,-1,0
cero,31,169.583,0.000170527,0,-1,0
cero,31,289.817,0.000115617,0,-1,0
cero,31,33.1182,0.000122108,0,-1,0
cero,31,6.76563,0.000196075,0,-1,0
cero,31,10.9674,9.89E-05,0,-1,0
cero,31,232.183,9.67E-05,0,-1,0
cero,31,186.434,0.00018477,0,-1,0
cero,31,119.383,0.000103559,0,-1,0
cero,31,305.682,0.000312754,0,-1,0
cero,31,276.091,0.000196865,0,-1,0
cero,31,215.934,0.000189527,0,-1,0
cero,31,200.436,0.00017042,0,-1,0
cero,31,328.329,0.000137967,0,-1,0
cero,31,318.711,0.000113555,0,-1,0
cero,31,305.08,0.000123748,0,-1,0
cero,31,333.552,0.000140035,0,-1,0
cero,31,197.427,0.000213771,0,-1,0
cero,31,44.4482,0.000179932,0,-1,0
cero,31,241.557,0.00010843,0,-1,0
cero,31,21.4313,0.000112407,0,-1,0
cero,31,178.182,0.000207892,0,-1,0
cero,31,203.836,0.000113352,0,-1,0
cero,31,303.595,0.000199428,0,-1,0
cero,31,145.978,0.000162661,0,-1,0
cero,31,203.753,0.000111662,0,-1,0
cero,31,235.099,0.000126043,0,-1,0
cero,31,253.041,0.000112543,0,-1,0
cero,31,149.624,0.000113265,0,-1,0
cero,31,337.998,0.000106013,0,-1,0
cero,31,296.467,0.000100639,0,-1,0
cero,31,205.163,0.000178787,0,-1,0
cero,31,104.545,0.000166747,0,-1,0
cero,31,351.379,0.000121435,0,-1,0
cero,31,334.041,0.000169095,0,-1,0
cero,31,297.978,0.000130916,0,-1,0
cero,31,42.5258,0.000124397,0,-1,0
cero,31,242.626,0.000204225,0,-1,0
cero,31,132.65,0.00014966,0,-1,0
cero,31,103.249,9.92E-05,0,-1,0
cero,31,233.129,0.000105607,0,-1,0
cero,31,240.046,0.00023112,0,-1,0
cero,31,212.782,0.000131207,0,-1,0
cero,31,234.416,0.000108706,0,-1,0
cero,31,293.185,0.000110524,0,-1,0
cero,31,82.7171,0.000102596,0,-1,0
cero,31,238.46,0.000100641,0,-1,0
cero,31,217.666,0.00014737,0,-1,0
cero,31,245.092,9.52E-05,0,-1,0
cero,31,304.819,7.93E-05,0,-1,0
cero,31,60.7636,9.03E-05,0,-1,0
cero,31,212.723,9.38E-05,0,-1,0
cero,31,311.482,8.92E-05,0,-1,0
cero,31,239.698,9.46E-05,0,-1,0
cero,31,96.3927,8.79E-05,0,-1,0
cero,31,208.541,7.92E-05,0,-1,0
cero,31,52.5256,8.91E-05,0,-1,0
cero,31,273.215,9.12E-05,0,-1,0
cero,31,54.9495,8.53E-05,0,-1,0
cero,31,358.579,9.27E-05,0,-1,0
cero,31,70.0978,8.68E-05,0,-1,0
cero,31,71.4097,9.25E-05,0,-1,0
cero,31,309.22,8.75E-05,0,-1,0
cero,31,69.6526,7.95E-05,0,-1,0
cero,31,271.933,8.69E-05,0,-1,0
cero,31,265.108,8.27E-05,0,-1,0
cero,31,258.259,8.02E-05,0,-1,0
cero,31,47.3423,8.32E-05,0,-1,0
cero,31,104.795,8.89E-05,0,-1,0
cero,31,59.2681,9.49E-05,0,-1,0
cero,31,27.3728,8.35E-05,0,-1,0
cero,31,186.784,8.46E-05,0,-1,0
cero,31,353.433,8.95E-05,0,-1,0
cero,31,274.614,7.78E-05,0,-1,0
cero,31,160.206,7.67E-05,0,-1,0
cero,31,190.396,7.66E-05,0,-1,0
cero,31,191.79,7.48E-05,0,-1,0
cero,31,274.238,7.41E-05,0,-1,0
cero,31,305.662,7.30E-05,0,-1,0
cero,31,250.485,7.30E-05,0,-1,0
cero,31,140.7,7.29E-05,0,-1,0
cero,31,168.407,7.27E-05,0,-1,0
cero,31,261.393,7.26E-05,0,-1,0
cero,31,163.265,7.23E-05,0,-1,0
cero,31,151.806,7.22E-05,0,-1,0
cero,31,294.44,7.21E-05,0,-1,0
cero,31,213.462,7.18E-05,0,-1,0
cero,37.2,211.916,0.000198545,1,-1,0
cero,37.2,35.4653,0.00019918,1,-1,0
cero,37.2,74.8492,0.000101132,1,-1,0
cero,37.2,170.324,0.000115755,1,-1,0
cero,37.2,325.691,9.23E-05,1,-1,0
cero,37.2,288.846,0.00018979,1,-1,0
cero,37.2,192.311,0.000158514,1,-1,0
cero,37.2,346.919,0.000161172,1,-1,0
cero,37.2,234.055,0.000173277,1,-1,0
cero,37.2,249.072,0.000108858,1,-1,0
cero,37.2,294.262,0.000124427,1,-1,0
cero,37.2,216.528,0.000100925,1,-1,0
cero,37.2,189.62,0.000296981,1,-1,0
cero,37.2,336.535,0.00014083,1,-1,0
cero,37.2,0.720376,9.74E-05,1,-1,0
cero,37.2,315.639,0.000179588,1,-1,0
cero,37.2,6.8682,0.000183563,1,-1,0
cero,37.2,276.193,0.000182767,1,-1,0
cero,37.2,236.146,0.000148733,1,-1,0
cero,37.2,283.746,9.59E-05,1,-1,0
cero,37.2,358.211,0.00010107,1,-1,0
cero,37.2,84.0859,0.000157783,1,-1,0
cero,37.2,273.776,0.000107874,1,-1,0
cero,37.2,310.349,0.000166506,1,-1,0
cero,37.2,45.7033,0.000211821,1,-1,0
cero,37.2,35.815,9.24E-05,1,-1,0
cero,37.2,204.4,0.000107678,1,-1,0
cero,37.2,269.603,0.000172344,1,-1,0
cero,37.2,226.828,8.97E-05,1,-1,0
cero,37.2,268.468,8.82E-05,1,-1,0
cero,37.2,158.261,0.000139065,1,-1,0
cero,37.2,304.506,0.00013992,1,-1,0
cero,37.2,230.755,0.000138074,1,-1,0
cero,37.2,122.54,0.000108382,1,-1,0
cero,37.2,254.835,0.00012653,1,-1,0
cero,37.2,359.579,0.000122518,1,-1,0
cero,37.2,181.769,0.000124985,1,-1,0
cero,37.2,114.847,0.000183898,1,-1,0
cero,37.2,238.018,9.23E-05,1,-1,0
cero,37.2,130.716,0.000116948,1,-1,0
cero,37.2,90.5684,0.000155006,1,-1,0
cero,37.2,18.9718,8.97E-05,1,-1,0
cero,37.2,59.7377,8.90E-05,1,-1,0
cero,37.2,133.205,0.000136734,1,-1,0
cero,37.2,41.7094,0.000175895,1,-1,0
cero,37.2,204.306,8.92E-05,1,-1,0
cero,37.2,340.698,0.000207707,1,-1,0
cero,37.2,174.952,0.000122915,1,-1,0
cero,37.2,239.233,9.31E-05,1,-1,0
cero,37.2,28.6245,0.000109869,1,-1,0
cero,37.2,216.002,0.000130736,1,-1,0
cero,37.2,309.171,0.000108823,1,-1,0
cero,37.2,40.1689,0.000155761,1,-1,0
cero,37.2,218.095,0.000136292,1,-1,0
cero,37.2,58.4143,9.16E-05,1,-1,0
cero,37.2,109.356,0.000149607,1,-1,0
cero,37.2,270.693,0.000109926,1,-1,0
cero,37.2,199.689,0.000101069,1,-1,0
cero,37.2,36.0002,0.00010712,1,-1,0
cero,37.2,327.586,9.36E-05,1,-1,0
cero,37.2,156.715,0.000125474,1,-1,0
cero,37.2,310.846,8.91E-05,1,-1,0
cero,37.2,77.1827,9.46E-05,1,-1,0
cero,37.2,39.7702,0.000146128,1,-1,0
cero,37.2,110.295,0.000106366,1,-1,0
cero,37.2,12.9524,0.000110176,1,-1,0
cero,37.2,240.537,0.000161222,1,-1,0
cero,37.2,276.621,8.96E-05,1,-1,0
cero,37.2,155.673,0.00018042,1,-1,0
cero,37.2,305.645,0.000115034,1,-1,0
cero,37.2,201.903,8.78E-05,1,-1,0
cero,37.2,11.4728,8.67E-05,1,-1,0
cero,37.2,30.3756,8.49E-05,1,-1,0
cero,37.2,145.563,8.48E-05,1,-1,0
cero,37.2,309.586,8.16E-05,1,-1,0
cero,37.2,309.706,8.08E-05,1,-1,0
cero,37.2,188.155,7.93E-05,1,-1,0
cero,37.2,67.1124,7.86E-05,1,-1,0
cero,37.2,201.909,7.80E-05,1,-1,0
cero,37.2,151.721,7.80E-05,1,-1,0
cero,37.2,272.239,7.59E-05,1,-1,0
cero,37.2,37.642,7.57E-05,1,-1,0
cero,37.2,345.444,7.54E-05,1,-1,0
cero,37.2,194.108,7.50E-05,1,-1,0
cero,37.2,281.789,7.46E-05,1,-1,0
cero,37.2,58.3864,7.36E-05,1,-1,0
cero,37.2,204.695,7.32E-05,1,-1,0
cero,37.2,221.168,7.29E-05,1,-1,0
cero,37.2,237.63,7.14E-05,1,-1,0
cero,37.2,334.023,7.12E-05,1,-1,0
cero,44.64,342.252,0.000221417,2,-1,0
cero,44.64,247.435,0.00023791,2,-1,0
cero,44.64,308.948,0.000140727,2,-1,0
cero,44.64,197.951,0.000312269,2,-1,0
cero,44.64,96.7088,0.000149458,2,-1,0
cero,44.64,191.283,0.000164306,2,-1,0
cero,44.64,113.156,0.000191525,2,-1,0
cero,44.64,39.8717,0.000189312,2,-1,0
cero,44.64,255.236,0.000164945,2,-1,0
cero,44.64,197.203,0.000212782,2,-1,0
cero,44.64,220.144,0.000185445,2,-1,0
cero,44.64,268.555,0.000226867,2,-1,0
cero,44.64,78.1416,0.000131433,2,-1,0
cero,44.64,42.4235,0.000327363,2,-1,0
cero,44.64,65.7913,0.000131424,2,-1,0
cero,44.64,319.095,0.000193271,2,-1,0
cero,44.64,260.647,0.000158509,2,-1,0
cero,44.64,8.46096,0.000195746,2,-1,0
cero,44.64,203.501,0.000257292,2,-1,0
cero,44.64,31.1283,0.000178088,2,-1,0
cero,44.64,243.279,0.000201185,2,-1,0
cero,44.64,274.62,0.000167705,2,-1,0
cero,44.64,250.956,0.000141496,2,-1,0
cero,44.64,339.944,0.000161338,2,-1,0
cero,44.64,214.239,0.000132798,2,-1,0
cero,44.64,121.946,0.000183398,2,-1,0
cero,44.64,266.345,0.000156002,2,-1,0
cero,44.64,105.829,0.00016266,2,-1,0
cero,44.64,128.961,0.000136556,2,-1,0
cero,44.64,279.16,0.000202168,2,-1,0
cero,44.64,287.448,0.000140318,2,-1,0
cero,44.64,130.338,0.000177989,2,-1,0
cero,44.64,138.426,0.000134106,2,-1,0
cero,44.64,101.556,0.000144687,2,-1,0
cero,44.64,310.375,0.000129202,2,-1,0
cero,44.64,207.414,0.000100682,2,-1,0
cero,44.64,241.716,9.71E-05,2,-1,0
cero,44.64,224.678,0.000100823,2,-1,0
cero,44.64,164.62,0.000102519,2,-1,0
cero,44.64,35.1561,0.000102586,2,-1,0
cero,44.64,143.262,0.000106371,2,-1,0
cero,44.64,216.954,0.000104867,2,-1,0
cero,44.64,193.307,0.000117758,2,-1,0
cero,44.64,35.2961,0.000121606,2,-1,0
cero,44.64,212.636,9.57E-05,2,-1,0
cero,44.64,228.974,0.000125174,2,-1,0
cero,44.64,220.554,0.000105378,2,-1,0
cero,44.64,292.909,0.000112159,2,-1,0
cero,44.64,88.5203,0.000115398,2,-1,0
cero,44.64,83.9642,0.000123284,2,-1,0
cero,44.64,270.245,0.000116861,2,-1,0
cero,44.64,215.184,0.000103786,2,-1,0
cero,44.64,310.042,9.43E-05,2,-1,0
cero,44.64,21.4862,0.000107589,2,-1,0
cero,44.64,358.233,9.89E-05,2,-1,0
cero,44.64,52.6332,0.000102966,2,-1,0
cero,44.64,202.194,0.000110517,2,-1,0
cero,44.64,172.924,9.39E-05,2,-1,0
cero,44.64,13.8875,9.21E-05,2,-1,0
cero,44.64,162.885,9.20E-05,2,-1,0
cero,44.64,264.871,8.88E-05,2,-1,0
cero,44.64,39.1019,8.59E-05,2,-1,0
cero,44.64,212.937,8.35E-05,2,-1,0
cero,44.64,25.8219,8.33E-05,2,-1,0
cero,44.64,336.999,8.28E-05,2,-1,0
cero,44.64,150.773,8.26E-05,2,-1,0
cero,44.64,320.67,7.77E-05,2,-1,0
cero,44.64,339.579,7.64E-05,2,-1,0
cero,44.64,278.702,7.64E-05,2,-1,0
cero,44.64,277.784,7.62E-05,2,-1,0
cero,44.64,28.9816,7.18E-05,2,-1,0
cero,44.64,319.573,7.08E-05,2,-1,0
cero,44.64,244.039,6.98E-05,2,-1,0
cero,44.64,71.2529,6.94E-05,2,-1,0
cero,44.64,136.499,6.77E-05,2,-1,0
cero,53.568,275.512,0.000225224,3,-1,0
cero,53.568,188.535,0.000166903,3,-1,0
cero,53.568,0.969704,8.47E-05,3,-1,0
cero,53.568,342.149,0.000253329,3,-1,0
cero,53.568,357.531,0.000115606,3,-1,0
cero,53.568,332.256,0.000169954,3,-1,0
cero,53.568,6.64835,9.40E-05,3,-1,0
cero,53.568,23.86,0.000202475,3,-1,0
cero,53.568,15.3035,0.000163419,3,-1,0
cero,53.568,167.384,9.58E-05,3,-1,0
cero,53.568,157.053,0.000125075,3,-1,0
cero,53.568,323.755,0.000123124,3,-1,0
cero,53.568,29.543,8.81E-05,3,-1,0
cero,53.568,195.096,0.00025831,3,-1,0
cero,53.568,198.436,0.000147631,3,-1,0
cero,53.568,61.2728,0.000132688,3,-1,0
cero,53.568,209.277,0.000293655,3,-1,0
cero,53.568,224.951,0.000174005,3,-1,0
cero,53.568,339.734,0.000287727,3,-1,0
cero,53.568,270.499,0.000144832,3,-1,0
cero,53.568,135.756,0.000203413,3,-1,0
cero,53.568,16.5529,0.000167476,3,-1,0
cero,53.568,110.921,0.000119736,3,-1,0
cero,53.568,259.834,0.000123021,3,-1,0
cero,53.568,270.558,0.00019258,3,-1,0
cero,53.568,269.342,0.000110113,3,-1,0
cero,53.568,214.525,0.000160286,3,-1,0
cero,53.568,213.9,0.000107961,3,-1,0
cero,53.568,23.5216,0.000119066,3,-1,0
cero,53.568,238.614,9.22E-05,3,-1,0
cero,53.568,234.92,0.000116455,3,-1,0
cero,53.568,206.396,0.00028096,3,-1,0
cero,53.568,140.901,0.000114622,3,-1,0
cero,53.568,26.236,0.000120882,3,-1,0
cero,53.568,162.005,0.000102604,3,-1,0
cero,53.568,140.822,0.000142037,3,-1,0
cero,53.568,206.764,0.000113254,3,-1,0
cero,53.568,42.0609,0.000163059,3,-1,0
cero,53.568,86.3757,0.000134854,3,-1,0
cero,53.568,71.4611,9.33E-05,3,-1,0
cero,53.568,110.713,0.000214447,3,-1,0
cero,53.568,31.3858,0.000173694,3,-1,0
cero,53.568,140.053,0.000187684,3,-1,0
cero,53.568,245.378,0.000306347,3,-1,0
cero,53.568,229.855,0.000108476,3,-1,0
cero,53.568,234.331,0.00016963,3,-1,0
cero,53.568,326.726,0.000137502,3,-1,0
cero,53.568,269.553,0.0001383,3,-1,0
cero,53.568,307.274,0.00013628,3,-1,0
cero,53.568,245.174,0.000169014,3,-1,0
cero,53.568,86.4157,9.99E-05,3,-1,0
cero,53.568,27.4818,8.36E-05,3,-1,0
cero,53.568,307.287,8.29E-05,3,-1,0
cero,53.568,59.7678,8.27E-05,3,-1,0
cero,53.568,105.453,8.17E-05,3,-1,0
cero,53.568,260.684,8.00E-05,3,-1,0
cero,53.568,238.561,7.85E-05,3,-1,0
cero,53.568,288.613,7.84E-05,3,-1,0
cero,53.568,332.375,7.51E-05,3,-1,0
cero,53.568,280.712,7.33E-05,3,-1,0
cero,53.568,272.159,7.15E-05,3,-1,0
cero,53.568,342.124,7.09E-05,3,-1,0
cero,53.568,136.674,7.02E-05,3,-1,0
cero,64.2816,214.989,0.000326979,4,-1,0
cero,64.2816,111.287,0.00017409,4,-1,0
cero,64.2816,345.391,0.000337895,4,-1,0
cero,64.2816,19.5465,0.000266755,4,-1,0
cero,64.2816,101.992,0.000239496,4,-1,0
cero,64.2816,316.898,0.000300863,4,-1,0
cero,64.2816,193.588,0.000243529,4,-1,0
cero,64.2816,246.113,0.000295736,4,-1,0
cero,64.2816,184.418,0.000166886,4,-1,0
cero,64.2816,32.7244,0.000189315,4,-1,0
cero,64.2816,146.923,0.000191511,4,-1,0
cero,64.2816,7.6515,0.00022962,4,-1,0
cero,64.2816,0.295536,0.000175896,4,-1,0
cero,64.2816,337.078,0.000289193,4,-1,0
cero,64.2816,40.4732,0.000284723,4,-1,0
cero,64.2816,262.066,0.000319524,4,-1,0
cero,64.2816,250.102,0.000187541,4,-1,0
cero,64.2816,356.281,0.000215698,4,-1,0
cero,64.2816,125.357,0.000204749,4,-1,0
cero,64.2816,213.651,0.000233415,4,-1,0
cero,64.2816,64.9898,0.000159939,4,-1,0
cero,64.2816,257.07,0.000140763,4,-1,0
cero,64.2816,246.658,9.55E-05,4,-1,0
cero,64.2816,77.8211,0.000110804,4,-1,0
cero,64.2816,97.7028,0.00012289,4,-1,0
cero,64.2816,137.829,9.12E-05,4,-1,0
cero,64.2816,322.491,0.000114745,4,-1,0
cero,64.2816,308.221,9.38E-05,4,-1,0
cero,64.2816,24.667,0.000131569,4,-1,0
cero,64.2816,129.62,0.000158918,4,-1,0
cero,64.2816,213.575,0.000121123,4,-1,0
cero,64.2816,46.3437,0.000101934,4,-1,0
cero,64.2816,59.7155,0.000132971,4,-1,0
cero,64.2816,195.286,0.000129107,4,-1,0
cero,64.2816,334.792,9.30E-05,4,-1,0
cero,64.2816,92.8248,9.17E-05,4,-1,0
cero,64.2816,349.103,0.000100394,4,-1,0
cero,64.2816,290.144,0.00010512,4,-1,0
cero,64.2816,173.093,9.19E-05,4,-1,0
cero,64.2816,262.843,0.000153799,4,-1,0
cero,64.2816,306.328,9.35E-05,4,-1,0
cero,64.2816,260.376,0.000118551,4,-1,0
cero,64.2816,238.163,0.000116723,4,-1,0
cero,64.2816,40.5256,0.000125129,4,-1,0
cero,64.2816,332.184,0.000159464,4,-1,0
cero,64.2816,77.3979,8.97E-05,4,-1,0
cero,64.2816,348.013,8.57E-05,4,-1,0
cero,64.2816,341.617,8.57E-05,4,-1,0
cero,64.2816,228.213,8.47E-05,4,-1,0
cero,64.2816,105.295,8.33E-05,4,-1,0
cero,64.2816,112.912,7.87E-05,4,-1,0
cero,64.2816,146.981,7.75E-05,4,-1,0
cero,77.1379,239.699,0.000104223,5,-1,0
cero,77.1379,282.524,0.00030626,5,-1,0
cero,77.1379,190.189,0.000252002,5,-1,0
cero,77.1379,204.371,0.000136904,5,-1,0
cero,77.1379,304.93,0.000123327,5,-1,0
cero,77.1379,334.032,0.000294405,5,-1,0
cero,77.1379,29.523,0.000173603,5,-1,0
cero,77.1379,94.1742,0.000117371,5,-1,0
cero,77.1379,86.2229,0.000116325,5,-1,0
cero,77.1379,220.33,0.000287007,5,-1,0
cero,77.1379,0.761636,0.000241172,5,-1,0
cero,77.1379,75.742,0.000209005,5,-1,0
cero,77.1379,182.387,0.000100604,5,-1,0
cero,77.1379,144.426,9.91E-05,5,-1,0
cero,77.1379,251.324,0.00014933,5,-1,0
cero,77.1379,347.107,0.000176071,5,-1,0
cero,77.1379,152.363,0.000125136,5,-1,0
cero,77.1379,252.877,9.73E-05,5,-1,0
cero,77.1379,26.771,0.000101037,5,-1,0
cero,77.1379,190.478,0.000119772,5,-1,0
cero,77.1379,106.454,0.000249528,5,-1,0
cero,77.1379,302.807,0.000124564,5,-1,0
cero,77.1379,334.807,0.000105518,5,-1,0
cero,77.1379,353.977,0.000218507,5,-1,0
cero,77.1379,321.677,0.000134623,5,-1,0
cero,77.1379,216.847,0.000155044,5,-1,0
cero,77.1379,221.412,9.47E-05,5,-1,0
cero,77.1379,349.803,0.000183038,5,-1,0
cero,77.1379,345.648,0.000375281,5,-1,0
cero,77.1379,281.875,0.000240357,5,-1,0
cero,77.1379,334.272,0.000256796,5,-1,0
cero,77.1379,66.4528,0.000147653,5,-1,0
cero,77.1379,89.9701,0.000188737,5,-1,0
cero,77.1379,275.158,0.000100332,5,-1,0
cero,77.1379,105.13,9.23E-05,5,-1,0
cero,77.1379,250.519,9.20E-05,5,-1,0
cero,77.1379,180.608,8.61E-05,5,-1,0
cero,77.1379,308.101,8.59E-05,5,-1,0
cero,77.1379,325.711,8.50E-05,5,-1,0
cero,77.1379,220.504,8.04E-05,5,-1,0
cero,77.1379,300.327,7.51E-05,5,-1,0
cero,77.1379,239.027,7.40E-05,5,-1,0
cero,77.1379,324.993,7.38E-05,5,-1,0
cero,77.1379,184.856,7.29E-05,5,-1,0
cero,92.5655,335.401,0.000340084,6,-1,0
cero,92.5655,190.999,0.000123185,6,-1,0
cero,92.5655,304.098,0.000117749,6,-1,0
cero,92.5655,82.4203,0.000135956,6,-1,0
cero,92.5655,199.774,0.000131871,6,-1,0
cero,92.5655,328.007,0.000191199,6,-1,0
cero,92.5655,319.232,0.000135111,6,-1,0
cero,92.5655,31.1063,0.000253965,6,-1,0
cero,92.5655,322.174,0.000149928,6,-1,0
cero,92.5655,265.424,0.00011497,6,-1,0
cero,92.5655,98.2924,0.000133621,6,-1,0
cero,92.5655,311.5,0.000194891,6,-1,0
cero,92.5655,30.317,0.000191043,6,-1,0
cero,92.5655,115.466,0.000135839,6,-1,0
cero,92.5655,339.533,0.000283468,6,-1,0
cero,92.5655,317.509,0.000273434,6,-1,0
cero,92.5655,191.367,0.000159594,6,-1,0
cero,92.5655,308.067,0.000150992,6,-1,0
cero,92.5655,86.281,0.000134994,6,-1,0
cero,92.5655,224.285,0.000248986,6,-1,0
cero,92.5655,76.5579,0.000126648,6,-1,0
cero,92.5655,8.84759,0.000197385,6,-1,0
cero,92.5655,2.37629,0.000293473,6,-1,0
cero,92.5655,352.73,0.00023589,6,-1,0
cero,92.5655,33.7601,0.00025336,6,-1,0
cero,92.5655,183.158,0.00020793,6,-1,0
cero,92.5655,218.952,0.000144183,6,-1,0
cero,92.5655,113.928,0.000161691,6,-1,0
cero,92.5655,72.6384,0.000188338,6,-1,0
cero,92.5655,117.548,0.000201382,6,-1,0
cero,92.5655,348.048,0.000146697,6,-1,0
cero,92.5655,152.051,0.000111344,6,-1,0
cero,92.5655,328.518,0.000107521,6,-1,0
cero,92.5655,310.099,9.59E-05,6,-1,0
cero,92.5655,253.575,8.97E-05,6,-1,0
cero,92.5655,27.1117,8.80E-05,6,-1,0
cero,111.079,0.458097,0.000295818,7,-1,0
cero,111.079,359.808,0.000189371,7,-1,0
cero,111.079,302.908,0.000103,7,-1,0
cero,111.079,258.353,0.000100818,7,-1,0
cero,111.079,342.824,0.000160456,7,-1,0
cero,111.079,30.6901,0.000147512,7,-1,0
cero,111.079,96.5797,0.000159797,7,-1,0
cero,111.079,348.25,0.000211558,7,-1,0
cero,111.079,233.628,0.000204952,7,-1,0
cero,111.079,93.7107,0.000113244,7,-1,0
cero,111.079,28.7932,0.00026691,7,-1,0
cero,111.079,310.608,0.000155893,7,-1,0
cero,111.079,64.5485,0.000123926,7,-1,0
cero,111.079,296.679,0.000114311,7,-1,0
cero,111.079,225.909,0.000128151,7,-1,0
cero,111.079,187.538,0.000130678,7,-1,0
cero,111.079,153.992,0.000109218,7,-1,0
cero,111.079,131.881,0.000126078,7,-1,0
cero,111.079,4.22741,0.000249333,7,-1,0
cero,111.079,328.231,0.000107103,7,-1,0
cero,111.079,350.547,0.000121334,7,-1,0
cero,111.079,305.347,0.000102747,7,-1,0
cero,111.079,213.464,0.000129064,7,-1,0
cero,111.079,34.8493,0.000170423,7,-1,0
cero,111.079,65.2061,0.000137231,7,-1,0
cero,111.079,213.177,0.000189462,7,-1,0
cero,111.079,202.21,0.000123622,7,-1,0
cero,111.079,231.702,0.000122796,7,-1,0
cero,111.079,124.909,8.70E-05,7,-1,0
cero,111.079,68.6215,8.59E-05,7,-1,0
cero,111.079,110.731,8.02E-05,7,-1,0
uno,31,348.397,0.000329433,0,-1,1
uno,31,195.036,0.000299141,0,-1,1
uno,31,328.82,0.000262285,0,-1,1
uno,31,254.853,0.000616223,0,-1,1
uno,31,134.443,0.000243212,0,-1,1
uno,31,251.921,0.000289293,0,-1,1
uno,31,9.20852,0.000267962,0,-1,1
uno,31,280.384,0.000609191,0,-1,1
uno,31,186.462,0.000271274,0,-1,1
uno,31,170.36,0.000328064,0,-1,1
uno,31,116.233,0.000265151,0,-1,1
uno,31,318.763,0.000260876,0,-1,1
uno,31,210.755,0.000344094,0,-1,1
uno,31,175.549,0.000336286,0,-1,1
uno,31,25.1168,0.000289834,0,-1,1
uno,31,237.645,0.000240669,0,-1,1
uno,31,348.785,0.000288099,0,-1,1
uno,31,244.265,0.000326691,0,-1,1
uno,31,330.094,0.000289366,0,-1,1
uno,31,335.161,0.000250668,0,-1,1
uno,31,54.9654,0.000353473,0,-1,1
uno,31,82.8765,0.000295561,0,-1,1
uno,31,205.836,0.000399159,0,-1,1
uno,31,347.371,0.000315342,0,-1,1
uno,31,137.771,0.000249358,0,-1,1
uno,31,66.2204,0.000311503,0,-1,1
uno,31,230.075,0.000315887,0,-1,1
uno,31,69.9882,0.000308642,0,-1,1
uno,31,316.897,0.000280963,0,-1,1
uno,31,300.648,0.000395739,0,-1,1
uno,31,307.941,0.000242793,0,-1,1
uno,31,115.516,0.000270961,0,-1,1
uno,31,316.986,0.000275571,0,-1,1
uno,31,291.699,0.00028255,0,-1,1
uno,31,278.381,0.000272678,0,-1,1
uno,31,218.51,0.000315326,0,-1,1
uno,31,314.03,0.000305786,0,-1,1
uno,31,223.595,0.000249368,0,-1,1
uno,31,333.361,0.000263092,0,-1,1
uno,31,88.9328,0.000255467,0,-1,1
uno,31,201.912,0.000432035,0,-1,1
uno,31,213.578,0.000290818,0,-1,1
uno,31,288.361,0.000267402,0,-1,1
uno,31,213.01,0.000376859,0,-1,1
uno,31,44.5607,0.000372386,0,-1,1
uno,31,306.553,0.000290726,0,-1,1
uno,31,280.253,0.000315102,0,-1,1
uno,31,326.988,0.000303866,0,-1,1
uno,31,130.969,0.000258135,0,-1,1
uno,31,191.541,0.000427474,0,-1,1
uno,31,247.695,0.000255276,0,-1,1
uno,31,296.942,0.000359164,0,-1,1
uno,31,247.447,0.000255242,0,-1,1
uno,31,151.407,0.000249242,0,-1,1
uno,31,347.537,0.000287181,0,-1,1
uno,31,270.751,0.000353039,0,-1,1
uno,31,320.717,0.00023972,0,-1,1
uno,31,240.046,0.00023112,0,-1,1
uno,31,219.034,0.000229505,0,-1,1
uno,31,280.106,0.000232835,0,-1,1
uno,31,157.813,0.000233896,0,-1,1
uno,31,129.083,0.000220678,0,-1,1
uno,31,301.531,0.000228026,0,-1,1
uno,31,282.535,0.000231284,0,-1,1
uno,31,76.339,0.000217911,0,-1,1
uno,31,136.857,0.000225388,0,-1,1
uno,31,246.269,0.000225505,0,-1,1
uno,31,243.355,0.000232625,0,-1,1
uno,31,320.162,0.000217181,0,-1,1
uno,31,295.566,0.000217156,0,-1,1
uno,31,342.63,0.000237492,0,-1,1
uno,31,189.393,0.000223378,0,-1,1
uno,31,227.499,0.000231603,0,-1,1
uno,31,337.738,0.000230771,0,-1,1
uno,31,304.198,0.000221628,0,-1,1
uno,31,107.514,0.000236974,0,-1,1
uno,31,206.834,0.000233332,0,-1,1
uno,31,128.891,0.000238927,0,-1,1
uno,31,169.932,0.00023735,0,-1,1
uno,31,67.1089,0.000230827,0,-1,1
uno,31,274.769,0.000237108,0,-1,1
uno,31,265.163,0.000236057,0,-1,1
uno,31,175.992,0.000227218,0,-1,1
uno,31,115.815,0.000235303,0,-1,1
uno,31,317.656,0.00021674,0,-1,1
uno,31,281.274,0.000215407,0,-1,1
uno,31,197.427,0.000213771,0,-1,1
uno,31,284.687,0.0002114,0,-1,1
uno,31,3.504,0.000211365,0,-1,1
uno,31,323.116,0.000210013,0,-1,1
uno,31,281.759,0.000208351,0,-1,1
uno,31,197.258,0.000208344,0,-1,1
uno,31,332.804,0.000206331,0,-1,1
uno,31,304.497,0.000205784,0,-1,1
uno,31,333.752,0.000205275,0,-1,1
uno,31,292.311,0.000204779,0,-1,1
uno,31,242.626,0.000204225,0,-1,1
uno,31,334.663,0.000204038,0,-1,1
uno,31,252.271,0.000202278,0,-1,1
uno,31,175.198,0.000200601,0,-1,1
uno,31,334.986,0.000199116,0,-1,1
uno,31,172.224,0.000198172,0,-1,1
uno,31,172.563,0.000197501,0,-1,1
uno,31,62.6359,0.000197491,0,-1,1
uno,31,196.125,0.000196878,0,-1,1
uno,31,276.091,0.000196865,0,-1,1
uno,31,186.936,0.000195693,0,-1,1
uno,31,295.51,0.000194175,0,-1,1
uno,31,178.68,0.000191855,0,-1,1
uno,37.2,43.7477,0.00037743,1,-1,1
uno,37.2,177.584,0.000256842,1,-1,1
uno,37.2,337.977,0.000263678,1,-1,1
uno,37.2,187.939,0.000274005,1,-1,1
uno,37.2,185.958,0.000246266,1,-1,1
uno,37.2,306.589,0.000310613,1,-1,1
uno,37.2,318.988,0.000260991,1,-1,1
uno,37.2,151.785,0.000242584,1,-1,1
uno,37.2,133.553,0.000293503,1,-1,1
uno,37.2,138.418,0.000294814,1,-1,1
uno,37.2,205.813,0.000376901,1,-1,1
uno,37.2,281.13,0.000304847,1,-1,1
uno,37.2,198.016,0.000269931,1,-1,1
uno,37.2,228.303,0.000300873,1,-1,1
uno,37.2,120.268,0.000245495,1,-1,1
uno,37.2,221.226,0.000287459,1,-1,1
uno,37.2,308.823,0.000272325,1,-1,1
uno,37.2,302.12,0.000307298,1,-1,1
uno,37.2,225.629,0.000264162,1,-1,1
uno,37.2,225.652,0.000244048,1,-1,1
uno,37.2,304.783,0.000372382,1,-1,1
uno,37.2,110.986,0.00025333,1,-1,1
uno,37.2,304.792,0.000322748,1,-1,1
uno,37.2,189.264,0.000255633,1,-1,1
uno,37.2,327.928,0.000288051,1,-1,1
uno,37.2,346.748,0.000352275,1,-1,1
uno,37.2,108.753,0.000242429,1,-1,1
uno,37.2,329.243,0.00052518,1,-1,1
uno,37.2,51.9704,0.000275201,1,-1,1
uno,37.2,335.235,0.000326506,1,-1,1
uno,37.2,170.448,0.000481246,1,-1,1
uno,37.2,310.028,0.000250794,1,-1,1
uno,37.2,133.25,0.000270753,1,-1,1
uno,37.2,210.623,0.000264613,1,-1,1
uno,37.2,214.512,0.000255547,1,-1,1
uno,37.2,250.032,0.000304692,1,-1,1
uno,37.2,183.33,0.000316143,1,-1,1
uno,37.2,208.928,0.000386311,1,-1,1
uno,37.2,115.924,0.000254021,1,-1,1
uno,37.2,131.949,0.000311914,1,-1,1
uno,37.2,35.9471,0.000284037,1,-1,1
uno,37.2,69.6697,0.000275999,1,-1,1
uno,37.2,251.684,0.000363729,1,-1,1
uno,37.2,285.719,0.000240651,1,-1,1
uno,37.2,248.074,0.000226941,1,-1,1
uno,37.2,119.615,0.000230187,1,-1,1
uno,37.2,226.365,0.000210617,1,-1,1
uno,37.2,266.62,0.000220053,1,-1,1
uno,37.2,327.806,0.000205846,1,-1,1
uno,37.2,295.216,0.000237341,1,-1,1
uno,37.2,189.109,0.000239242,1,-1,1
uno,37.2,96.493,0.000206107,1,-1,1
uno,37.2,84.2235,0.000236661,1,-1,1
uno,37.2,345.591,0.000205108,1,-1,1
uno,37.2,291.395,0.000207869,1,-1,1
uno,37.2,330.257,0.000234019,1,-1,1
uno,37.2,352.304,0.000228763,1,-1,1
uno,37.2,260.29,0.00022261,1,-1,1
uno,37.2,254.187,0.000230677,1,-1,1
uno,37.2,216.077,0.00022869,1,-1,1
uno,37.2,258.704,0.000217872,1,-1,1
uno,37.2,150.081,0.00021725,1,-1,1
uno,37.2,246.473,0.000225862,1,-1,1
uno,37.2,224.045,0.000231157,1,-1,1
uno,37.2,344.264,0.000209238,1,-1,1
uno,37.2,174.742,0.000209104,1,-1,1
uno,37.2,308.549,0.000204803,1,-1,1
uno,37.2,115.701,0.000214916,1,-1,1
uno,37.2,118.459,0.000220104,1,-1,1
uno,37.2,320.177,0.000218461,1,-1,1
uno,37.2,286.495,0.000222192,1,-1,1
uno,37.2,159.561,0.000229084,1,-1,1
uno,37.2,122.038,0.000215478,1,-1,1
uno,37.2,259.864,0.000238649,1,-1,1
uno,37.2,323.816,0.000227053,1,-1,1
uno,37.2,229.951,0.000204261,1,-1,1
uno,37.2,241.676,0.000224356,1,-1,1
uno,37.2,16.0496,0.000240525,1,-1,1
uno,37.2,198.289,0.000217366,1,-1,1
uno,37.2,9.94056,0.000203932,1,-1,1
uno,37.2,95.491,0.000203819,1,-1,1
uno,37.2,283.937,0.000202424,1,-1,1
uno,37.2,289.903,0.000202181,1,-1,1
uno,37.2,299.977,0.000202069,1,-1,1
uno,37.2,59.0452,0.000199798,1,-1,1
uno,37.2,340.345,0.000199738,1,-1,1
uno,37.2,290.637,0.000199571,1,-1,1
uno,37.2,160.428,0.000196776,1,-1,1
uno,37.2,307.873,0.000196407,1,-1,1
uno,37.2,162.173,0.000194548,1,-1,1
uno,44.64,75.8807,0.000258136,2,-1,1
uno,44.64,321.089,0.000214548,2,-1,1
uno,44.64,247.433,0.000222127,2,-1,1
uno,44.64,145.822,0.000229031,2,-1,1
uno,44.64,132.585,0.000257277,2,-1,1
uno,44.64,251.826,0.000327206,2,-1,1
uno,44.64,244.203,0.000221229,2,-1,1
uno,44.64,227.748,0.000203312,2,-1,1
uno,44.64,209.578,0.000279396,2,-1,1
uno,44.64,149.448,0.00022578,2,-1,1
uno,44.64,47.7848,0.000211063,2,-1,1
uno,44.64,249.168,0.000315984,2,-1,1
uno,44.64,313.062,0.000220506,2,-1,1
uno,44.64,155.006,0.000233317,2,-1,1
uno,44.64,248.338,0.000234062,2,-1,1
uno,44.64,13.5868,0.000245898,2,-1,1
uno,44.64,335.233,0.000377942,2,-1,1
uno,44.64,186.869,0.000338776,2,-1,1
uno,44.64,230.209,0.000221685,2,-1,1
uno,44.64,306.922,0.00030467,2,-1,1
uno,44.64,338.751,0.000201438,2,-1,1
uno,44.64,236.539,0.000278078,2,-1,1
uno,44.64,183.305,0.000320157,2,-1,1
uno,44.64,258.477,0.000218854,2,-1,1
uno,44.64,346.629,0.000241372,2,-1,1
uno,44.64,98.8833,0.000217913,2,-1,1
uno,44.64,263.737,0.000272164,2,-1,1
uno,44.64,259.704,0.000262197,2,-1,1
uno,44.64,164.433,0.000290853,2,-1,1
uno,44.64,5.24671,0.000202034,2,-1,1
uno,44.64,333.297,0.0003098,2,-1,1
uno,44.64,237.103,0.000245184,2,-1,1
uno,44.64,216.583,0.000229955,2,-1,1
uno,44.64,218.861,0.000293635,2,-1,1
uno,44.64,206.314,0.00019904,2,-1,1
uno,44.64,351.55,0.000202133,2,-1,1
uno,44.64,204.033,0.000290061,2,-1,1
uno,44.64,146.351,0.000265267,2,-1,1
uno,44.64,18.9466,0.000373101,2,-1,1
uno,44.64,282.242,0.000247918,2,-1,1
uno,44.64,218.323,0.000207006,2,-1,1
uno,44.64,204.657,0.000204175,2,-1,1
uno,44.64,111.043,0.00022966,2,-1,1
uno,44.64,4.07971,0.000279233,2,-1,1
uno,44.64,335.802,0.000299193,2,-1,1
uno,44.64,287.235,0.000214485,2,-1,1
uno,44.64,203.756,0.000200321,2,-1,1
uno,44.64,195.382,0.000272526,2,-1,1
uno,44.64,339.598,0.000201764,2,-1,1
uno,44.64,315.269,0.000276169,2,-1,1
uno,44.64,24.7525,0.00035188,2,-1,1
uno,44.64,0.928313,0.000330684,2,-1,1
uno,44.64,224.818,0.000344881,2,-1,1
uno,44.64,241.566,0.000314115,2,-1,1
uno,44.64,193.261,0.000222892,2,-1,1
uno,44.64,76.7461,0.000212787,2,-1,1
uno,44.64,133.948,0.000238707,2,-1,1
uno,44.64,130.055,0.000319626,2,-1,1
uno,44.64,308.323,0.000219542,2,-1,1
uno,44.64,197.428,0.000300715,2,-1,1
uno,44.64,311.515,0.000210179,2,-1,1
uno,44.64,270.7,0.000290337,2,-1,1
uno,44.64,182.045,0.000212912,2,-1,1
uno,44.64,334.064,0.000222026,2,-1,1
uno,44.64,209.595,0.000250368,2,-1,1
uno,44.64,359.709,0.000285715,2,-1,1
uno,44.64,203.752,0.000196635,2,-1,1
uno,44.64,112.064,0.000196437,2,-1,1
uno,44.64,190.028,0.000196046,2,-1,1
uno,44.64,315.963,0.000194914,2,-1,1
uno,44.64,233.993,0.000194879,2,-1,1
uno,44.64,235.025,0.00019371,2,-1,1
uno,44.64,235.462,0.000193065,2,-1,1
uno,44.64,182.558,0.000191157,2,-1,1
uno,44.64,245.318,0.000188702,2,-1,1
uno,53.568,352.36,0.000273352,3,-1,1
uno,53.568,206.993,0.00023055,3,-1,1
uno,53.568,307.794,0.000323253,3,-1,1
uno,53.568,254.602,0.000242362,3,-1,1
uno,53.568,206.352,0.000246268,3,-1,1
uno,53.568,110.742,0.000297892,3,-1,1
uno,53.568,323.193,0.000306802,3,-1,1
uno,53.568,75.4913,0.000219048,3,-1,1
uno,53.568,246.142,0.000412009,3,-1,1
uno,53.568,245.694,0.000258912,3,-1,1
uno,53.568,278.334,0.000263157,3,-1,1
uno,53.568,32.8825,0.000293855,3,-1,1
uno,53.568,260.18,0.000222286,3,-1,1
uno,53.568,17.6084,0.000242047,3,-1,1
uno,53.568,209.259,0.00030301,3,-1,1
uno,53.568,171.677,0.000300231,3,-1,1
uno,53.568,135.805,0.000238957,3,-1,1
uno,53.568,334.417,0.000246338,3,-1,1
uno,53.568,40.5965,0.000302819,3,-1,1
uno,53.568,318.509,0.000290675,3,-1,1
uno,53.568,248.249,0.000262953,3,-1,1
uno,53.568,354.339,0.000268661,3,-1,1
uno,53.568,162.696,0.000237402,3,-1,1
uno,53.568,244.994,0.000257691,3,-1,1
uno,53.568,319.402,0.000227653,3,-1,1
uno,53.568,137.112,0.000356504,3,-1,1
uno,53.568,239.09,0.000240759,3,-1,1
uno,53.568,314.079,0.000232295,3,-1,1
uno,53.568,281.983,0.000231016,3,-1,1
uno,53.568,184.143,0.00026486,3,-1,1
uno,53.568,323.169,0.00021933,3,-1,1
uno,53.568,249.019,0.000242513,3,-1,1
uno,53.568,212.503,0.000274838,3,-1,1
uno,53.568,237.109,0.000217616,3,-1,1
uno,53.568,328.975,0.000202402,3,-1,1
uno,53.568,226.025,0.000195155,3,-1,1
uno,53.568,167.979,0.000208384,3,-1,1
uno,53.568,353.362,0.000217353,3,-1,1
uno,53.568,218.336,0.000187247,3,-1,1
uno,53.568,248.292,0.000202031,3,-1,1
uno,53.568,237.874,0.000187285,3,-1,1
uno,53.568,261.884,0.000207167,3,-1,1
uno,53.568,317.138,0.000185908,3,-1,1
uno,53.568,83.571,0.000192802,3,-1,1
uno,53.568,333.368,0.00019647,3,-1,1
uno,53.568,159.792,0.000206887,3,-1,1
uno,53.568,12.5353,0.000212056,3,-1,1
uno,53.568,233.159,0.000197545,3,-1,1
uno,53.568,260.047,0.000189265,3,-1,1
uno,53.568,221.242,0.00018598,3,-1,1
uno,53.568,110.602,0.000212456,3,-1,1
uno,53.568,190.61,0.000201071,3,-1,1
uno,53.568,204.402,0.000185885,3,-1,1
uno,53.568,342.644,0.00018494,3,-1,1
uno,53.568,188.963,0.000181246,3,-1,1
uno,53.568,305.969,0.000179666,3,-1,1
uno,53.568,271.001,0.000176822,3,-1,1
uno,53.568,287.532,0.000176704,3,-1,1
uno,53.568,185.461,0.00017658,3,-1,1
uno,53.568,109.806,0.000175927,3,-1,1
uno,53.568,60.1723,0.000175841,3,-1,1
uno,53.568,338.38,0.000175445,3,-1,1
uno,53.568,214.173,0.000173791,3,-1,1
uno,64.2816,337.808,0.000218202,4,-1,1
uno,64.2816,274.957,0.000231377,4,-1,1
uno,64.2816,320.768,0.000289705,4,-1,1
uno,64.2816,213.769,0.000231767,4,-1,1
uno,64.2816,134.874,0.000239035,4,-1,1
uno,64.2816,142.006,0.000380233,4,-1,1
uno,64.2816,139.039,0.000274212,4,-1,1
uno,64.2816,318.459,0.000216503,4,-1,1
uno,64.2816,286.669,0.000242359,4,-1,1
uno,64.2816,258.997,0.00025546,4,-1,1
uno,64.2816,281.598,0.000248791,4,-1,1
uno,64.2816,39.547,0.000303703,4,-1,1
uno,64.2816,259.675,0.00031045,4,-1,1
uno,64.2816,292.398,0.000298954,4,-1,1
uno,64.2816,243.768,0.000345224,4,-1,1
uno,64.2816,338.655,0.000269248,4,-1,1
uno,64.2816,214.877,0.000291219,4,-1,1
uno,64.2816,311.829,0.000273047,4,-1,1
uno,64.2816,359.136,0.000232407,4,-1,1
uno,64.2816,198.536,0.000346137,4,-1,1
uno,64.2816,102.534,0.000235244,4,-1,1
uno,64.2816,226.565,0.000247394,4,-1,1
uno,64.2816,193.079,0.000280226,4,-1,1
uno,64.2816,134.185,0.000268059,4,-1,1
uno,64.2816,164.619,0.000304615,4,-1,1
uno,64.2816,316.273,0.000213781,4,-1,1
uno,64.2816,221.792,0.000206971,4,-1,1
uno,64.2816,269.828,0.000206921,4,-1,1
uno,64.2816,72.7104,0.000206708,4,-1,1
uno,64.2816,258.395,0.000206625,4,-1,1
uno,64.2816,179.321,0.000202095,4,-1,1
uno,64.2816,255.074,0.000201486,4,-1,1
uno,64.2816,148.624,0.000200272,4,-1,1
uno,64.2816,293.661,0.000199624,4,-1,1
uno,64.2816,130.501,0.000199116,4,-1,1
uno,64.2816,320.413,0.000198992,4,-1,1
uno,64.2816,15.9995,0.000198418,4,-1,1
uno,64.2816,216.432,0.000197824,4,-1,1
uno,64.2816,189.169,0.000192365,4,-1,1
uno,64.2816,78.9356,0.000191915,4,-1,1
uno,64.2816,176.928,0.000188123,4,-1,1
uno,64.2816,218.483,0.000188035,4,-1,1
uno,64.2816,320.145,0.000186893,4,-1,1
uno,64.2816,353.363,0.000185525,4,-1,1
uno,64.2816,31.5738,0.000184428,4,-1,1
uno,64.2816,283.447,0.00018351,4,-1,1
uno,64.2816,218.137,0.000182528,4,-1,1
uno,64.2816,238.541,0.000182115,4,-1,1
uno,64.2816,211.149,0.000180197,4,-1,1
uno,64.2816,32.5502,0.000172506,4,-1,1
uno,64.2816,83.2004,0.000171084,4,-1,1
uno,64.2816,314.158,0.000170066,4,-1,1
uno,77.1379,356.894,0.000260167,5,-1,1
uno,77.1379,115.389,0.000187415,5,-1,1
uno,77.1379,191.192,0.000375591,5,-1,1
uno,77.1379,334.496,0.00019074,5,-1,1
uno,77.1379,192.045,0.000213063,5,-1,1
uno,77.1379,155.308,0.000216724,5,-1,1
uno,77.1379,327.065,0.000259315,5,-1,1
uno,77.1379,199.519,0.000200423,5,-1,1
uno,77.1379,171.376,0.000217534,5,-1,1
uno,77.1379,320.704,0.000219988,5,-1,1
uno,77.1379,180.659,0.000226183,5,-1,1
uno,77.1379,145.263,0.000330074,5,-1,1
uno,77.1379,304.044,0.000225828,5,-1,1
uno,77.1379,246.258,0.000215894,5,-1,1
uno,77.1379,161.174,0.000383748,5,-1,1
uno,77.1379,134.068,0.000271221,5,-1,1
uno,77.1379,220.044,0.000277014,5,-1,1
uno,77.1379,326.323,0.000188516,5,-1,1
uno,77.1379,222.812,0.000250161,5,-1,1
uno,77.1379,36.337,0.000283558,5,-1,1
uno,77.1379,208.316,0.000219547,5,-1,1
uno,77.1379,326.896,0.000232825,5,-1,1
uno,77.1379,186.234,0.000209458,5,-1,1
uno,77.1379,332.883,0.000245526,5,-1,1
uno,77.1379,176.7,0.000208308,5,-1,1
uno,77.1379,323.87,0.000222657,5,-1,1
uno,77.1379,289.177,0.000342267,5,-1,1
uno,77.1379,22.8147,0.000206751,5,-1,1
uno,77.1379,336.984,0.000198117,5,-1,1
uno,77.1379,98.5498,0.000213399,5,-1,1
uno,77.1379,293.973,0.000216914,5,-1,1
uno,77.1379,226.009,0.000215102,5,-1,1
uno,77.1379,183.98,0.000250703,5,-1,1
uno,77.1379,198.046,0.000265657,5,-1,1
uno,77.1379,321.514,0.000262947,5,-1,1
uno,77.1379,286.118,0.000272913,5,-1,1
uno,77.1379,286.155,0.000194772,5,-1,1
uno,77.1379,210.153,0.000213021,5,-1,1
uno,77.1379,136.109,0.000225309,5,-1,1
uno,77.1379,108.282,0.000224624,5,-1,1
uno,77.1379,173.965,0.000207603,5,-1,1
uno,77.1379,325.3,0.00018397,5,-1,1
uno,77.1379,256.474,0.000183523,5,-1,1
uno,77.1379,216.699,0.000181854,5,-1,1
uno,92.5655,322.337,0.000306679,6,-1,1
uno,92.5655,189.65,0.000377461,6,-1,1
uno,92.5655,331.763,0.000225336,6,-1,1
uno,92.5655,337.089,0.000301544,6,-1,1
uno,92.5655,225.203,0.00024613,6,-1,1
uno,92.5655,289.17,0.000231505,6,-1,1
uno,92.5655,348.857,0.000234771,6,-1,1
uno,92.5655,345.975,0.000342147,6,-1,1
uno,92.5655,343.31,0.000408369,6,-1,1
uno,92.5655,322.751,0.000236766,6,-1,1
uno,92.5655,304.917,0.000331419,6,-1,1
uno,92.5655,34.2759,0.000268399,6,-1,1
uno,92.5655,129.018,0.000275956,6,-1,1
uno,92.5655,160.072,0.000255757,6,-1,1
uno,92.5655,320.433,0.000325573,6,-1,1
uno,92.5655,119.739,0.000235698,6,-1,1
uno,92.5655,154.793,0.000225563,6,-1,1
uno,92.5655,353.555,0.000221674,6,-1,1
uno,92.5655,307.921,0.000217773,6,-1,1
uno,92.5655,311.875,0.00021563,6,-1,1
uno,92.5655,91.4821,0.000213031,6,-1,1
uno,92.5655,212.892,0.000207689,6,-1,1
uno,92.5655,191.613,0.000207562,6,-1,1
uno,92.5655,250.524,0.000205855,6,-1,1
uno,92.5655,210.914,0.000193,6,-1,1
uno,92.5655,271.37,0.000188463,6,-1,1
uno,92.5655,240.974,0.000187444,6,-1,1
uno,92.5655,318.69,0.000187227,6,-1,1
uno,92.5655,179.04,0.000183295,6,-1,1
uno,92.5655,174.661,0.000181699,6,-1,1
uno,92.5655,321.329,0.00018016,6,-1,1
uno,92.5655,190.5,0.000178149,6,-1,1
uno,92.5655,333.671,0.000175855,6,-1,1
uno,92.5655,275.896,0.000171952,6,-1,1
uno,92.5655,2.04022,0.000170523,6,-1,1
uno,92.5655,319.385,0.000169477,6,-1,1
uno,111.079,350.59,0.000176606,7,-1,1
uno,111.079,57.131,0.000211223,7,-1,1
uno,111.079,344.293,0.000190768,7,-1,1
uno,111.079,340.693,0.00018828,7,-1,1
uno,111.079,28.2194,0.000224298,7,-1,1
uno,111.079,205.281,0.000173024,7,-1,1
uno,111.079,156.715,0.000205355,7,-1,1
uno,111.079,207.26,0.000175206,7,-1,1
uno,111.079,133.589,0.000156363,7,-1,1
uno,111.079,232.019,0.000273864,7,-1,1
uno,111.079,270.677,0.00015123,7,-1,1
uno,111.079,279.587,0.000230531,7,-1,1
uno,111.079,297.407,0.000160229,7,-1,1
uno,111.079,174.681,0.000302329,7,-1,1
uno,111.079,132.308,0.000218865,7,-1,1
uno,111.079,283.925,0.00018195,7,-1,1
uno,111.079,357.409,0.000326761,7,-1,1
uno,111.079,346.709,0.000372308,7,-1,1
uno,111.079,176.464,0.000243992,7,-1,1
uno,111.079,231.59,0.000210789,7,-1,1
uno,111.079,57.5321,0.000198862,7,-1,1
uno,111.079,187.973,0.000169397,7,-1,1
uno,111.079,355.052,0.00025897,7,-1,1
uno,111.079,250.99,0.000150567,7,-1,1
uno,111.079,341.581,0.000407213,7,-1,1
uno,111.079,185.702,0.000221585,7,-1,1
uno,111.079,192.535,0.000169745,7,-1,1
uno,111.079,51.2384,0.000198328,7,-1,1
uno,111.079,279.14,0.00018123,7,-1,1
uno,111.079,236.635,0.000175098,7,-1,1
uno,111.079,314.9,0.000196828,7,-1,1
dos,31,29.4557,0.000195303,0,-1,2
dos,31,126.322,0.000229668,0,-1,2
dos,31,215.934,0.000189527,0,-1,2
dos,31,305.682,0.000312754,0,-1,2
dos,31,246.29,0.000311444,0,-1,2
dos,31,145.318,0.000238144,0,-1,2
dos,31,102.916,0.00017667,0,-1,2
dos,31,288.165,0.00041353,0,-1,2
dos,31,304.805,0.000252458,0,-1,2
dos,31,220.068,0.000248372,0,-1,2
dos,31,205.163,0.000178787,0,-1,2
dos,31,328.257,0.000198622,0,-1,2
dos,31,240.6,0.000345715,0,-1,2
dos,31,295.379,0.00017712,0,-1,2
dos,31,118.534,0.000213334,0,-1,2
dos,31,303.52,0.000244075,0,-1,2
dos,31,276.091,0.000196865,0,-1,2
dos,31,82.6135,0.000227993,0,-1,2
dos,31,278.004,0.000201596,0,-1,2
dos,31,199.801,0.000201411,0,-1,2
dos,31,299.243,0.000185738,0,-1,2
dos,31,123.352,0.000267444,0,-1,2
dos,31,325.112,0.000815091,0,-1,2
dos,31,214.611,0.000274822,0,-1,2
dos,31,178.182,0.000207892,0,-1,2
dos,31,170.738,0.000182041,0,-1,2
dos,31,68.9588,0.000185656,0,-1,2
dos,31,228.003,0.000267559,0,-1,2
dos,31,156.933,0.000222508,0,-1,2
dos,31,327.962,0.000232822,0,-1,2
dos,31,202.063,0.000236633,0,-1,2
dos,31,165.958,0.000196483,0,-1,2
dos,31,303.595,0.000199428,0,-1,2
dos,31,197.427,0.000213771,0,-1,2
dos,31,80.52,0.000206699,0,-1,2
dos,31,185.684,0.000179729,0,-1,2
dos,31,160.857,0.000181444,0,-1,2
dos,31,263.656,0.000227001,0,-1,2
dos,31,106.143,0.000269134,0,-1,2
dos,31,139.05,0.000214706,0,-1,2
dos,31,242.626,0.000204225,0,-1,2
dos,31,304.246,0.000215231,0,-1,2
dos,31,213.003,0.000330302,0,-1,2
dos,31,272.8,0.000356083,0,-1,2
dos,31,137.419,0.000171201,0,-1,2
dos,31,145.498,0.000194124,0,-1,2
dos,31,346.66,0.000398157,0,-1,2
dos,31,57.6843,0.000292685,0,-1,2
dos,31,240.046,0.00023112,0,-1,2
dos,31,182.341,0.000177852,0,-1,2
dos,31,181.667,0.000207639,0,-1,2
dos,31,174.049,0.000216953,0,-1,2
dos,31,95.6573,0.000212465,0,-1,2
dos,31,270.751,0.000353039,0,-1,2
dos,31,279.292,0.000203267,0,-1,2
dos,31,220.533,0.000193943,0,-1,2
dos,31,271.452,0.000323813,0,-1,2
dos,31,170.699,0.000318183,0,-1,2
dos,31,21.4861,0.000326147,0,-1,2
dos,31,268.678,0.000292804,0,-1,2
dos,31,186.434,0.00018477,0,-1,2
dos,31,224.095,0.000201173,0,-1,2
dos,31,122.822,0.000205634,0,-1,2
dos,31,148.467,0.000213561,0,-1,2
dos,31,298.971,0.0002099,0,-1,2
dos,31,85.3252,0.000293281,0,-1,2
dos,31,296.452,0.00023652,0,-1,2
dos,31,91.5667,0.000201264,0,-1,2
dos,31,266.583,0.000327792,0,-1,2
dos,31,249.486,0.000197441,0,-1,2
dos,31,53.9575,0.000367659,0,-1,2
dos,31,22.6092,0.000318133,0,-1,2
dos,31,19.9897,0.000431975,0,-1,2
dos,31,287.241,0.000249555,0,-1,2
dos,31,189.86,0.000195157,0,-1,2
dos,31,20.1873,0.00019681,0,-1,2
dos,31,33.4418,0.000192171,0,-1,2
dos,31,229.227,0.000217752,0,-1,2
dos,31,43.0072,0.000204772,0,-1,2
dos,31,138.594,0.000206213,0,-1,2
dos,31,286.032,0.000252877,0,-1,2
dos,31,17.266,0.000196115,0,-1,2
dos,31,174.656,0.000282772,0,-1,2
dos,31,268.216,0.000171899,0,-1,2
dos,31,44.4482,0.000179932,0,-1,2
dos,31,169.583,0.000170527,0,-1,2
dos,31,166.355,0.000159574,0,-1,2
dos,31,43.4852,0.000151889,0,-1,2
dos,31,131.241,0.000161156,0,-1,2
dos,31,254.359,0.000167847,0,-1,2
dos,31,240.021,0.000157669,0,-1,2
dos,31,320.035,0.000165376,0,-1,2
dos,31,186.603,0.000151491,0,-1,2
dos,31,104.545,0.000166747,0,-1,2
dos,31,314.932,0.000160813,0,-1,2
dos,31,257.713,0.000167106,0,-1,2
dos,31,110.459,0.000156396,0,-1,2
dos,31,300.502,0.000164079,0,-1,2
dos,31,72.257,0.000156415,0,-1,2
dos,31,65.4102,0.000163568,0,-1,2
dos,31,138.246,0.000157363,0,-1,2
dos,31,97.6251,0.000164409,0,-1,2
dos,31,249.065,0.000155706,0,-1,2
dos,31,334.041,0.000169095,0,-1,2
dos,31,250.866,0.000152773,0,-1,2
dos,31,5.10745,0.000167264,0,-1,2
dos,31,118.466,0.000149119,0,-1,2
dos,31,147.595,0.000147783,0,-1,2
dos,31,291.139,0.000146297,0,-1,2
dos,37.2,151.23,0.00017479,1,-1,2
dos,37.2,165.136,0.000176461,1,-1,2
dos,37.2,318.608,0.000198805,1,-1,2
dos,37.2,288.344,0.000193644,1,-1,2
dos,37.2,192.927,0.000176687,1,-1,2
dos,37.2,248.552,0.000233164,1,-1,2
dos,37.2,266.682,0.0002595,1,-1,2
dos,37.2,286.108,0.000205428,1,-1,2
dos,37.2,356.878,0.000225021,1,-1,2
dos,37.2,219.72,0.000204905,1,-1,2
dos,37.2,135.401,0.000175399,1,-1,2
dos,37.2,225.107,0.000180523,1,-1,2
dos,37.2,247.873,0.000224837,1,-1,2
dos,37.2,84.9522,0.000256829,1,-1,2
dos,37.2,17.1519,0.000235901,1,-1,2
dos,37.2,277.027,0.000273171,1,-1,2
dos,37.2,75.9854,0.000180042,1,-1,2
dos,37.2,226.913,0.000316695,1,-1,2
dos,37.2,140.645,0.000179085,1,-1,2
dos,37.2,313.773,0.000182932,1,-1,2
dos,37.2,205.657,0.000330639,1,-1,2
dos,37.2,142.297,0.000242157,1,-1,2
dos,37.2,45.7764,0.000179222,1,-1,2
dos,37.2,52.2137,0.00023641,1,-1,2
dos,37.2,275.346,0.000175971,1,-1,2
dos,37.2,285.195,0.000240761,1,-1,2
dos,37.2,279.002,0.000176127,1,-1,2
dos,37.2,83.7869,0.000210676,1,-1,2
dos,37.2,252.187,0.000242288,1,-1,2
dos,37.2,71.2558,0.00018944,1,-1,2
dos,37.2,252.454,0.000183592,1,-1,2
dos,37.2,6.811,0.000216987,1,-1,2
dos,37.2,87.2243,0.000245414,1,-1,2
dos,37.2,157.286,0.000197465,1,-1,2
dos,37.2,100.25,0.000215087,1,-1,2
dos,37.2,260.076,0.000179412,1,-1,2
dos,37.2,220.693,0.000229318,1,-1,2
dos,37.2,76.0731,0.000194169,1,-1,2
dos,37.2,164.594,0.000217008,1,-1,2
dos,37.2,131.479,0.000340654,1,-1,2
dos,37.2,16.1377,0.000217198,1,-1,2
dos,37.2,305.74,0.000212962,1,-1,2
dos,37.2,13.519,0.000191659,1,-1,2
dos,37.2,189.294,0.000242422,1,-1,2
dos,37.2,331.245,0.000198191,1,-1,2
dos,37.2,180.798,0.00017701,1,-1,2
dos,37.2,231.837,0.00019622,1,-1,2
dos,37.2,50.1266,0.000223915,1,-1,2
dos,37.2,9.52055,0.000195419,1,-1,2
dos,37.2,301.324,0.000314115,1,-1,2
dos,37.2,174.287,0.000195323,1,-1,2
dos,37.2,220.154,0.000225838,1,-1,2
dos,37.2,322.542,0.000184753,1,-1,2
dos,37.2,173.13,0.000209085,1,-1,2
dos,37.2,202.953,0.00027035,1,-1,2
dos,37.2,257.487,0.000229222,1,-1,2
dos,37.2,215.362,0.000186643,1,-1,2
dos,37.2,250.17,0.000276169,1,-1,2
dos,37.2,35.2202,0.000210207,1,-1,2
dos,37.2,214.145,0.000248465,1,-1,2
dos,37.2,223.053,0.000188269,1,-1,2
dos,37.2,123.085,0.000220704,1,-1,2
dos,37.2,41.1413,0.000190066,1,-1,2
dos,37.2,173.234,0.000186045,1,-1,2
dos,37.2,264.901,0.000279175,1,-1,2
dos,37.2,199.048,0.000197307,1,-1,2
dos,37.2,297.084,0.000211203,1,-1,2
dos,37.2,246.629,0.000194269,1,-1,2
dos,37.2,105.429,0.000174719,1,-1,2
dos,37.2,126.172,0.000173794,1,-1,2
dos,37.2,268.846,0.000166804,1,-1,2
dos,37.2,115.28,0.000173707,1,-1,2
dos,37.2,215.665,0.000172993,1,-1,2
dos,37.2,308.544,0.000161888,1,-1,2
dos,37.2,289.964,0.000171459,1,-1,2
dos,37.2,170.323,0.000162158,1,-1,2
dos,37.2,193.369,0.00016506,1,-1,2
dos,37.2,270.883,0.000165579,1,-1,2
dos,37.2,317.665,0.000169256,1,-1,2
dos,37.2,40.3941,0.000166502,1,-1,2
dos,37.2,220.854,0.000168042,1,-1,2
dos,37.2,298.132,0.00017251,1,-1,2
dos,37.2,110.961,0.000161891,1,-1,2
dos,37.2,88.5167,0.000172565,1,-1,2
dos,37.2,309.065,0.000161927,1,-1,2
dos,37.2,112.132,0.00016118,1,-1,2
dos,37.2,83.0829,0.000159799,1,-1,2
dos,37.2,109.058,0.000159687,1,-1,2
dos,37.2,132.141,0.000159608,1,-1,2
dos,37.2,12.7235,0.000159596,1,-1,2
dos,44.64,87.1518,0.000277076,2,-1,2
dos,44.64,200.188,0.000316463,2,-1,2
dos,44.64,124.618,0.000300259,2,-1,2
dos,44.64,342.548,0.000237887,2,-1,2
dos,44.64,320.126,0.000252436,2,-1,2
dos,44.64,221.491,0.000245039,2,-1,2
dos,44.64,254.81,0.000236088,2,-1,2
dos,44.64,197.593,0.000319801,2,-1,2
dos,44.64,40.409,0.000312344,2,-1,2
dos,44.64,263.402,0.000312254,2,-1,2
dos,44.64,71.9903,0.0002374,2,-1,2
dos,44.64,252.694,0.000247898,2,-1,2
dos,44.64,205.531,0.000222082,2,-1,2
dos,44.64,266.774,0.000229962,2,-1,2
dos,44.64,199.371,0.000277416,2,-1,2
dos,44.64,194.32,0.000269054,2,-1,2
dos,44.64,290.311,0.000226723,2,-1,2
dos,44.64,128.27,0.000294249,2,-1,2
dos,44.64,295.714,0.000283997,2,-1,2
dos,44.64,230.537,0.000310664,2,-1,2
dos,44.64,281.447,0.000244913,2,-1,2
dos,44.64,261.74,0.000219551,2,-1,2
dos,44.64,250.963,0.000297739,2,-1,2
dos,44.64,42.4237,0.000282024,2,-1,2
dos,44.64,89.0395,0.000250254,2,-1,2
dos,44.64,202.965,0.000257919,2,-1,2
dos,44.64,248.746,0.000247741,2,-1,2
dos,44.64,268.207,0.000216174,2,-1,2
dos,44.64,102.757,0.000205016,2,-1,2
dos,44.64,217.103,0.00019857,2,-1,2
dos,44.64,214.437,0.000193356,2,-1,2
dos,44.64,106.252,0.000196682,2,-1,2
dos,44.64,8.01967,0.000193297,2,-1,2
dos,44.64,46.7722,0.000189293,2,-1,2
dos,44.64,39.6722,0.00019624,2,-1,2
dos,44.64,114.337,0.000206494,2,-1,2
dos,44.64,302.043,0.000187249,2,-1,2
dos,44.64,131.287,0.000189119,2,-1,2
dos,44.64,337.676,0.000188135,2,-1,2
dos,44.64,12.5839,0.000207495,2,-1,2
dos,44.64,166.573,0.000206754,2,-1,2
dos,44.64,84.512,0.000187075,2,-1,2
dos,44.64,309.094,0.000194726,2,-1,2
dos,44.64,63.7488,0.000186618,2,-1,2
dos,44.64,254.564,0.000204867,2,-1,2
dos,44.64,156.606,0.00019397,2,-1,2
dos,44.64,43.4522,0.00018631,2,-1,2
dos,44.64,251.254,0.000185616,2,-1,2
dos,44.64,12.5144,0.000179769,2,-1,2
dos,44.64,140.697,0.000181677,2,-1,2
dos,44.64,216.527,0.000184608,2,-1,2
dos,44.64,243.997,0.000181574,2,-1,2
dos,44.64,292.123,0.000180204,2,-1,2
dos,44.64,204.94,0.000182772,2,-1,2
dos,44.64,46.0861,0.000184955,2,-1,2
dos,44.64,227.643,0.000184235,2,-1,2
dos,44.64,293.369,0.000179132,2,-1,2
dos,44.64,322.543,0.000177985,2,-1,2
dos,44.64,185.654,0.000176751,2,-1,2
dos,44.64,123.617,0.000175934,2,-1,2
dos,44.64,165.891,0.000174327,2,-1,2
dos,44.64,134.959,0.000171539,2,-1,2
dos,44.64,191.941,0.000170519,2,-1,2
dos,44.64,19.9653,0.000170336,2,-1,2
dos,44.64,194.999,0.000170225,2,-1,2
dos,44.64,220.779,0.000170097,2,-1,2
dos,44.64,44.6277,0.000168859,2,-1,2
dos,44.64,340.837,0.000166248,2,-1,2
dos,44.64,74.9129,0.000165807,2,-1,2
dos,44.64,304.761,0.000165704,2,-1,2
dos,44.64,238.804,0.000164867,2,-1,2
dos,44.64,229.345,0.000162377,2,-1,2
dos,44.64,286.97,0.000161925,2,-1,2
dos,44.64,253.878,0.000159757,2,-1,2
dos,44.64,273.865,0.000159627,2,-1,2
dos,53.568,46.8545,0.00032791,3,-1,2
dos,53.568,343.421,0.000316933,3,-1,2
dos,53.568,194.87,0.000290756,3,-1,2
dos,53.568,106.552,0.000272439,3,-1,2
dos,53.568,263.648,0.000297995,3,-1,2
dos,53.568,28.1447,0.000261577,3,-1,2
dos,53.568,319.77,0.000265372,3,-1,2
dos,53.568,194.081,0.000313999,3,-1,2
dos,53.568,298.032,0.000283889,3,-1,2
dos,53.568,231.911,0.000322129,3,-1,2
dos,53.568,194.868,0.000304036,3,-1,2
dos,53.568,110.207,0.000329613,3,-1,2
dos,53.568,209.475,0.000299953,3,-1,2
dos,53.568,248.685,0.000289202,3,-1,2
dos,53.568,215.701,0.000277056,3,-1,2
dos,53.568,41.289,0.000320948,3,-1,2
dos,53.568,316.926,0.000277503,3,-1,2
dos,53.568,250.905,0.000308001,3,-1,2
dos,53.568,256.3,0.000257253,3,-1,2
dos,53.568,110.32,0.000224632,3,-1,2
dos,53.568,215.476,0.000196811,3,-1,2
dos,53.568,314.006,0.000220347,3,-1,2
dos,53.568,330.086,0.000256689,3,-1,2
dos,53.568,232.147,0.000247149,3,-1,2
dos,53.568,275.525,0.000209741,3,-1,2
dos,53.568,167.694,0.000205425,3,-1,2
dos,53.568,306.733,0.000208892,3,-1,2
dos,53.568,46.0429,0.00019081,3,-1,2
dos,53.568,307.426,0.000204144,3,-1,2
dos,53.568,99.066,0.000204636,3,-1,2
dos,53.568,231.322,0.000200514,3,-1,2
dos,53.568,12.6851,0.000195648,3,-1,2
dos,53.568,247.003,0.000189873,3,-1,2
dos,53.568,26.5108,0.000245231,3,-1,2
dos,53.568,303.062,0.000187855,3,-1,2
dos,53.568,284.183,0.000242152,3,-1,2
dos,53.568,0.196815,0.000199871,3,-1,2
dos,53.568,53.8916,0.000235659,3,-1,2
dos,53.568,309.391,0.000194285,3,-1,2
dos,53.568,16.5149,0.000214685,3,-1,2
dos,53.568,305.233,0.000191046,3,-1,2
dos,53.568,300.117,0.000231842,3,-1,2
dos,53.568,293.418,0.000191304,3,-1,2
dos,53.568,206.385,0.00024468,3,-1,2
dos,53.568,85.0993,0.000212661,3,-1,2
dos,53.568,188.264,0.000193675,3,-1,2
dos,53.568,64.4108,0.000206488,3,-1,2
dos,53.568,354.356,0.000189021,3,-1,2
dos,53.568,229.694,0.000204116,3,-1,2
dos,53.568,276.904,0.000249521,3,-1,2
dos,53.568,303.716,0.000198064,3,-1,2
dos,53.568,92.19,0.00019018,3,-1,2
dos,53.568,256.502,0.000185392,3,-1,2
dos,53.568,240.091,0.000183828,3,-1,2
dos,53.568,290.42,0.000183216,3,-1,2
dos,53.568,315.146,0.00018161,3,-1,2
dos,53.568,349.209,0.000180557,3,-1,2
dos,53.568,160.979,0.000177964,3,-1,2
dos,53.568,131.585,0.000174477,3,-1,2
dos,53.568,349.702,0.000174241,3,-1,2
dos,53.568,216.373,0.000174088,3,-1,2
dos,53.568,10.1053,0.000172622,3,-1,2
dos,53.568,288.279,0.000170818,3,-1,2
dos,64.2816,196.667,0.000314512,4,-1,2
dos,64.2816,270.718,0.000214524,4,-1,2
dos,64.2816,219.683,0.000301124,4,-1,2
dos,64.2816,56.2492,0.000267319,4,-1,2
dos,64.2816,147.819,0.000217803,4,-1,2
dos,64.2816,335.659,0.00025665,4,-1,2
dos,64.2816,80.7308,0.000295982,4,-1,2
dos,64.2816,121.383,0.000250269,4,-1,2
dos,64.2816,221.187,0.000206765,4,-1,2
dos,64.2816,251.366,0.000288991,4,-1,2
dos,64.2816,266.462,0.00029149,4,-1,2
dos,64.2816,339.282,0.000309502,4,-1,2
dos,64.2816,85.4012,0.000306495,4,-1,2
dos,64.2816,218.21,0.000227194,4,-1,2
dos,64.2816,203.214,0.00021607,4,-1,2
dos,64.2816,159.154,0.000245409,4,-1,2
dos,64.2816,245.65,0.000217986,4,-1,2
dos,64.2816,269.256,0.000250498,4,-1,2
dos,64.2816,233.219,0.000244281,4,-1,2
dos,64.2816,269.983,0.000220921,4,-1,2
dos,64.2816,251.849,0.000249782,4,-1,2
dos,64.2816,98.4953,0.000288546,4,-1,2
dos,64.2816,51.4426,0.000228162,4,-1,2
dos,64.2816,303.044,0.000228503,4,-1,2
dos,64.2816,311.956,0.000214087,4,-1,2
dos,64.2816,15.4106,0.0002211,4,-1,2
dos,64.2816,312.632,0.000205403,4,-1,2
dos,64.2816,40.1531,0.000320523,4,-1,2
dos,64.2816,215.119,0.000324597,4,-1,2
dos,64.2816,213.737,0.000222573,4,-1,2
dos,64.2816,319.434,0.000244753,4,-1,2
dos,64.2816,193.347,0.000284816,4,-1,2
dos,64.2816,271.114,0.000245512,4,-1,2
dos,64.2816,1.18511,0.000232842,4,-1,2
dos,64.2816,166.81,0.00027105,4,-1,2
dos,64.2816,18.9897,0.00027278,4,-1,2
dos,64.2816,176.266,0.00023235,4,-1,2
dos,64.2816,230.198,0.000208988,4,-1,2
dos,64.2816,47.5132,0.000357117,4,-1,2
dos,64.2816,260.343,0.000345827,4,-1,2
dos,64.2816,188.838,0.000220314,4,-1,2
dos,64.2816,294.826,0.000295231,4,-1,2
dos,64.2816,271.673,0.000202511,4,-1,2
dos,64.2816,214.565,0.000199028,4,-1,2
dos,64.2816,310.518,0.0001977,4,-1,2
dos,64.2816,298.057,0.00019303,4,-1,2
dos,64.2816,246,0.000192625,4,-1,2
dos,64.2816,128.659,0.000191377,4,-1,2
dos,64.2816,103.879,0.000191173,4,-1,2
dos,64.2816,72.4567,0.000188154,4,-1,2
dos,64.2816,312.536,0.000187011,4,-1,2
dos,64.2816,298.216,0.000185123,4,-1,2
dos,77.1379,231.658,0.000378245,5,-1,2
dos,77.1379,0.595214,0.000253901,5,-1,2
dos,77.1379,37.0722,0.000298961,5,-1,2
dos,77.1379,108.1,0.000244681,5,-1,2
dos,77.1379,213.566,0.000222092,5,-1,2
dos,77.1379,303.926,0.000247433,5,-1,2
dos,77.1379,254.753,0.000294462,5,-1,2
dos,77.1379,326.797,0.000282175,5,-1,2
dos,77.1379,106.259,0.000277052,5,-1,2
dos,77.1379,195.231,0.000249368,5,-1,2
dos,77.1379,332.376,0.000244234,5,-1,2
dos,77.1379,11.109,0.000237636,5,-1,2
dos,77.1379,248.549,0.000319902,5,-1,2
dos,77.1379,300.791,0.000271234,5,-1,2
dos,77.1379,135.74,0.000284777,5,-1,2
dos,77.1379,321.264,0.000235626,5,-1,2
dos,77.1379,29.9445,0.000251955,5,-1,2
dos,77.1379,321.347,0.000239642,5,-1,2
dos,77.1379,90.163,0.000242514,5,-1,2
dos,77.1379,347.748,0.000357103,5,-1,2
dos,77.1379,30.2096,0.000290986,5,-1,2
dos,77.1379,50.3397,0.000315505,5,-1,2
dos,77.1379,220.179,0.000300542,5,-1,2
dos,77.1379,280.094,0.000290533,5,-1,2
dos,77.1379,46.479,0.000378595,5,-1,2
dos,77.1379,273.59,0.000271851,5,-1,2
dos,77.1379,212.683,0.000230965,5,-1,2
dos,77.1379,177.8,0.000215912,5,-1,2
dos,77.1379,158.582,0.000215749,5,-1,2
dos,77.1379,191.995,0.000212506,5,-1,2
dos,77.1379,273.686,0.000210494,5,-1,2
dos,77.1379,356.091,0.000206399,5,-1,2
dos,77.1379,225.391,0.000204199,5,-1,2
dos,77.1379,310.319,0.000195656,5,-1,2
dos,77.1379,294.702,0.000194063,5,-1,2
dos,77.1379,78.4846,0.000193617,5,-1,2
dos,77.1379,31.2492,0.000193494,5,-1,2
dos,77.1379,304.685,0.000192474,5,-1,2
dos,77.1379,197.277,0.00019039,5,-1,2
dos,77.1379,43.008,0.000190057,5,-1,2
dos,77.1379,303.603,0.0001891,5,-1,2
dos,77.1379,187.224,0.000188794,5,-1,2
dos,77.1379,79.4642,0.000186588,5,-1,2
dos,77.1379,348.982,0.000186056,5,-1,2
dos,92.5655,312.152,0.000447168,6,-1,2
dos,92.5655,21.8006,0.00023788,6,-1,2
dos,92.5655,68.9379,0.000233908,6,-1,2
dos,92.5655,334.636,0.000273204,6,-1,2
dos,92.5655,33.8444,0.000238369,6,-1,2
dos,92.5655,339.757,0.000482638,6,-1,2
dos,92.5655,357.357,0.000368709,6,-1,2
dos,92.5655,338.979,0.00026417,6,-1,2
dos,92.5655,286.099,0.000278827,6,-1,2
dos,92.5655,320.269,0.000325759,6,-1,2
dos,92.5655,62.5533,0.000307059,6,-1,2
dos,92.5655,296.723,0.000238086,6,-1,2
dos,92.5655,226.345,0.000247833,6,-1,2
dos,92.5655,358.74,0.000281885,6,-1,2
dos,92.5655,306.142,0.000226298,6,-1,2
dos,92.5655,278.618,0.000231397,6,-1,2
dos,92.5655,76.8941,0.000235438,6,-1,2
dos,92.5655,239.512,0.00027609,6,-1,2
dos,92.5655,351.732,0.000237137,6,-1,2
dos,92.5655,246.853,0.000255233,6,-1,2
dos,92.5655,239.934,0.000286868,6,-1,2
dos,92.5655,256.225,0.000231571,6,-1,2
dos,92.5655,322.821,0.000225675,6,-1,2
dos,92.5655,329.798,0.000222636,6,-1,2
dos,92.5655,77.967,0.000220045,6,-1,2
dos,92.5655,118.861,0.000214938,6,-1,2
dos,92.5655,359.09,0.000213532,6,-1,2
dos,92.5655,291.872,0.000213466,6,-1,2
dos,92.5655,38.7936,0.000210155,6,-1,2
dos,92.5655,213.692,0.000206184,6,-1,2
dos,92.5655,32.6567,0.000205927,6,-1,2
dos,92.5655,14.7213,0.000199708,6,-1,2
dos,92.5655,315.819,0.00019798,6,-1,2
dos,92.5655,209.372,0.000197976,6,-1,2
dos,92.5655,292.979,0.000196082,6,-1,2
dos,92.5655,175.016,0.000195954,6,-1,2
dos,111.079,234.759,0.000204014,7,-1,2
dos,111.079,247.832,0.000316088,7,-1,2
dos,111.079,58.9871,0.000238299,7,-1,2
dos,111.079,37.1267,0.000255503,7,-1,2
dos,111.079,24.3015,0.000226883,7,-1,2
dos,111.079,303.852,0.000191757,7,-1,2
dos,111.079,173.558,0.000220939,7,-1,2
dos,111.079,338.88,0.000323649,7,-1,2
dos,111.079,356.915,0.000191586,7,-1,2
dos,111.079,292.608,0.000267871,7,-1,2
dos,111.079,358.119,0.000205287,7,-1,2
dos,111.079,308.067,0.000298008,7,-1,2
dos,111.079,235.632,0.000202042,7,-1,2
dos,111.079,351.662,0.000205921,7,-1,2
dos,111.079,43.8569,0.000220479,7,-1,2
dos,111.079,359.425,0.000312024,7,-1,2
dos,111.079,339.732,0.000204348,7,-1,2
dos,111.079,264.681,0.000224797,7,-1,2
dos,111.079,354.249,0.000239417,7,-1,2
dos,111.079,359.446,0.000208204,7,-1,2
dos,111.079,206.319,0.000199581,7,-1,2
dos,111.079,238.049,0.000203546,7,-1,2
dos,111.079,324.411,0.000467733,7,-1,2
dos,111.079,332.068,0.000300453,7,-1,2
dos,111.079,23.3094,0.000249877,7,-1,2
dos,111.079,346.838,0.000377424,7,-1,2
dos,111.079,310.222,0.000265285,7,-1,2
dos,111.079,264.286,0.000198295,7,-1,2
dos,111.079,332.136,0.000188092,7,-1,2
dos,111.079,330.923,0.000187749,7,-1,2
dos,111.079,34.2335,0.000186425,7,-1,2
tres,31,326.988,0.000303866,0,-1,3
tres,31,251.921,0.000289293,0,-1,3
tres,31,303.293,0.00025701,0,-1,3
tres,31,218.51,0.000315326,0,-1,3
tres,31,288.743,0.000454626,0,-1,3
tres,31,154.45,0.000275978,0,-1,3
tres,31,288.166,0.000293977,0,-1,3
tres,31,184.35,0.000293315,0,-1,3
tres,31,245.85,0.000325076,0,-1,3
tres,31,306.553,0.000290726,0,-1,3
tres,31,285.04,0.000278277,0,-1,3
tres,31,247.127,0.000270112,0,-1,3
tres,31,252.675,0.000286003,0,-1,3
tres,31,53.9575,0.000367659,0,-1,3
tres,31,261.964,0.000297295,0,-1,3
tres,31,210.755,0.000344094,0,-1,3
tres,31,195.036,0.000299141,0,-1,3
tres,31,214.611,0.000274822,0,-1,3
tres,31,222.89,0.000260592,0,-1,3
tres,31,318.763,0.000260876,0,-1,3
tres,31,288.165,0.00041353,0,-1,3
tres,31,316.986,0.000275571,0,-1,3
tres,31,148.961,0.000271255,0,-1,3
tres,31,300.648,0.000395739,0,-1,3
tres,31,157.851,0.000337469,0,-1,3
tres,31,126.22,0.000307752,0,-1,3
tres,31,170.699,0.000318183,0,-1,3
tres,31,9.20852,0.000267962,0,-1,3
tres,31,151.165,0.000313424,0,-1,3
tres,31,170.36,0.000328064,0,-1,3
tres,31,191.541,0.000427474,0,-1,3
tres,31,130.969,0.000258135,0,-1,3
tres,31,286.743,0.000348599,0,-1,3
tres,31,324.114,0.000277252,0,-1,3
tres,31,55.5495,0.00029307,0,-1,3
tres,31,82.8765,0.000295561,0,-1,3
tres,31,69.9882,0.000308642,0,-1,3
tres,31,269.495,0.000342589,0,-1,3
tres,31,116.634,0.000397212,0,-1,3
tres,31,196.874,0.000285044,0,-1,3
tres,31,343.087,0.000271193,0,-1,3
tres,31,284.55,0.000365741,0,-1,3
tres,31,347.371,0.000315342,0,-1,3
tres,31,260.176,0.000258858,0,-1,3
tres,31,295.916,0.000454324,0,-1,3
tres,31,116.233,0.000265151,0,-1,3
tres,31,334.48,0.000328377,0,-1,3
tres,31,346.66,0.000398157,0,-1,3
tres,31,348.785,0.000288099,0,-1,3
tres,31,243.81,0.000286099,0,-1,3
tres,31,244.265,0.000326691,0,-1,3
tres,31,295.589,0.000267224,0,-1,3
tres,31,233.697,0.000319464,0,-1,3
tres,31,164.443,0.000281854,0,-1,3
tres,31,25.1168,0.000289834,0,-1,3
tres,31,170.648,0.000285593,0,-1,3
tres,31,266.237,0.000257735,0,-1,3
tres,31,259.302,0.000312575,0,-1,3
tres,31,21.4861,0.000326147,0,-1,3
tres,31,322.194,0.00026141,0,-1,3
tres,31,275.496,0.000279338,0,-1,3
tres,31,216.466,0.000307501,0,-1,3
tres,31,263.392,0.000263095,0,-1,3
tres,31,151.971,0.00030125,0,-1,3
tres,31,277.732,0.000272802,0,-1,3
tres,31,313.936,0.000276699,0,-1,3
tres,31,144.869,0.000297121,0,-1,3
tres,31,233.328,0.000309372,0,-1,3
tres,31,57.6843,0.000292685,0,-1,3
tres,31,280.253,0.000315102,0,-1,3
tres,31,263.507,0.000413595,0,-1,3
tres,31,233.367,0.000265812,0,-1,3
tres,31,86.4332,0.000306088,0,-1,3
tres,31,93.8996,0.000273362,0,-1,3
tres,31,205.836,0.000399159,0,-1,3
tres,31,268.678,0.000292804,0,-1,3
tres,31,322.029,0.000285942,0,-1,3
tres,31,237.449,0.000307887,0,-1,3
tres,31,347.537,0.000287181,0,-1,3
tres,31,190.768,0.000256982,0,-1,3
tres,31,82.7029,0.000367886,0,-1,3
tres,31,201.912,0.000432035,0,-1,3
tres,31,325.112,0.000815091,0,-1,3
tres,31,179.655,0.000293249,0,-1,3
tres,31,166.761,0.000256214,0,-1,3
tres,31,337.722,0.000252993,0,-1,3
tres,31,202.41,0.000251933,0,-1,3
tres,31,258.82,0.000251927,0,-1,3
tres,31,223.595,0.000249368,0,-1,3
tres,31,137.771,0.000249358,0,-1,3
tres,31,229.658,0.000247847,0,-1,3
tres,31,255.278,0.000244876,0,-1,3
tres,31,253.507,0.000244346,0,-1,3
tres,31,147.946,0.000243189,0,-1,3
tres,31,307.941,0.000242793,0,-1,3
tres,31,232.964,0.00024153,0,-1,3
tres,31,9.09656,0.000239813,0,-1,3
tres,31,226.053,0.000239039,0,-1,3
tres,31,294.804,0.000238324,0,-1,3
tres,31,193.957,0.000237926,0,-1,3
tres,31,169.932,0.00023735,0,-1,3
tres,31,274.769,0.000237108,0,-1,3
tres,31,107.514,0.000236974,0,-1,3
tres,31,115.815,0.000235303,0,-1,3
tres,31,298.388,0.000233874,0,-1,3
tres,31,290.643,0.000233653,0,-1,3
tres,31,145.791,0.000233384,0,-1,3
tres,31,273.564,0.000233323,0,-1,3
tres,31,280.106,0.000232835,0,-1,3
tres,37.2,132.755,0.000306167,1,-1,3
tres,37.2,115.045,0.000259815,1,-1,3
tres,37.2,286.965,0.000269976,1,-1,3
tres,37.2,278.051,0.000268443,1,-1,3
tres,37.2,264.425,0.000279988,1,-1,3
tres,37.2,259.772,0.000339359,1,-1,3
tres,37.2,201.606,0.000338947,1,-1,3
tres,37.2,231.333,0.000304421,1,-1,3
tres,37.2,125.301,0.000275846,1,-1,3
tres,37.2,166.761,0.000276327,1,-1,3
tres,37.2,210.832,0.000256797,1,-1,3
tres,37.2,285.942,0.000308981,1,-1,3
tres,37.2,205.631,0.000330075,1,-1,3
tres,37.2,193.231,0.000313423,1,-1,3
tres,37.2,68.9932,0.000279882,1,-1,3
tres,37.2,244.399,0.000253634,1,-1,3
tres,37.2,312.819,0.000326124,1,-1,3
tres,37.2,182.566,0.000289124,1,-1,3
tres,37.2,213.308,0.000260159,1,-1,3
tres,37.2,338.166,0.000293749,1,-1,3
tres,37.2,304.435,0.000360747,1,-1,3
tres,37.2,286.03,0.000285505,1,-1,3
tres,37.2,11.1178,0.00025531,1,-1,3
tres,37.2,226.644,0.000360663,1,-1,3
tres,37.2,141.855,0.000245807,1,-1,3
tres,37.2,189.729,0.000298348,1,-1,3
tres,37.2,251.528,0.000283683,1,-1,3
tres,37.2,35.2172,0.000277218,1,-1,3
tres,37.2,254.035,0.000247246,1,-1,3
tres,37.2,73.9196,0.00025979,1,-1,3
tres,37.2,214.407,0.000247425,1,-1,3
tres,37.2,199.629,0.000337766,1,-1,3
tres,37.2,123.826,0.000265924,1,-1,3
tres,37.2,139.065,0.00031573,1,-1,3
tres,37.2,71.3707,0.000283112,1,-1,3
tres,37.2,246.503,0.000296834,1,-1,3
tres,37.2,133.516,0.000292072,1,-1,3
tres,37.2,181.905,0.000280937,1,-1,3
tres,37.2,328.484,0.000292638,1,-1,3
tres,37.2,206.518,0.000387502,1,-1,3
tres,37.2,260.554,0.000316628,1,-1,3
tres,37.2,304.279,0.000335302,1,-1,3
tres,37.2,277.181,0.000243615,1,-1,3
tres,37.2,74.6547,0.000248594,1,-1,3
tres,37.2,258.001,0.00024655,1,-1,3
tres,37.2,186.374,0.000257432,1,-1,3
tres,37.2,71.4857,0.000292368,1,-1,3
tres,37.2,330.942,0.000450526,1,-1,3
tres,37.2,262.068,0.000368925,1,-1,3
tres,37.2,64.0377,0.00029255,1,-1,3
tres,37.2,285.544,0.000297149,1,-1,3
tres,37.2,111.031,0.000263367,1,-1,3
tres,37.2,253.498,0.00027011,1,-1,3
tres,37.2,224.698,0.000268305,1,-1,3
tres,37.2,290.893,0.000379066,1,-1,3
tres,37.2,226.169,0.000266411,1,-1,3
tres,37.2,327.681,0.00029108,1,-1,3
tres,37.2,260.602,0.000367136,1,-1,3
tres,37.2,286.94,0.000287824,1,-1,3
tres,37.2,188.577,0.000269671,1,-1,3
tres,37.2,250.47,0.000299471,1,-1,3
tres,37.2,298.55,0.000388861,1,-1,3
tres,37.2,306.302,0.000313934,1,-1,3
tres,37.2,295.405,0.000242935,1,-1,3
tres,37.2,226.107,0.00024116,1,-1,3
tres,37.2,216.661,0.000241093,1,-1,3
tres,37.2,256.033,0.000239989,1,-1,3
tres,37.2,175.41,0.000239777,1,-1,3
tres,37.2,226.163,0.000238421,1,-1,3
tres,37.2,301.765,0.000237792,1,-1,3
tres,37.2,273.605,0.000236964,1,-1,3
tres,37.2,17.3874,0.000236935,1,-1,3
tres,37.2,141.572,0.000236293,1,-1,3
tres,37.2,125.187,0.000234527,1,-1,3
tres,37.2,284.012,0.000234504,1,-1,3
tres,37.2,331.525,0.000233252,1,-1,3
tres,37.2,323.77,0.00023255,1,-1,3
tres,37.2,253.683,0.000231737,1,-1,3
tres,37.2,329.784,0.000230871,1,-1,3
tres,37.2,174.07,0.000230421,1,-1,3
tres,37.2,229.172,0.000228981,1,-1,3
tres,37.2,214.548,0.000228069,1,-1,3
tres,37.2,231.497,0.00022745,1,-1,3
tres,37.2,15.3714,0.000227407,1,-1,3
tres,37.2,261.019,0.000227282,1,-1,3
tres,37.2,299.099,0.00022636,1,-1,3
tres,37.2,165.368,0.00022529,1,-1,3
tres,37.2,151.973,0.000222595,1,-1,3
tres,37.2,303,0.000220635,1,-1,3
tres,37.2,145.717,0.000218524,1,-1,3
tres,44.64,185.318,0.000242735,2,-1,3
tres,44.64,317.147,0.000294499,2,-1,3
tres,44.64,253.475,0.00027363,2,-1,3
tres,44.64,348.177,0.000252215,2,-1,3
tres,44.64,251.467,0.000305997,2,-1,3
tres,44.64,115.287,0.000293631,2,-1,3
tres,44.64,318.288,0.000330445,2,-1,3
tres,44.64,0.627743,0.000435141,2,-1,3
tres,44.64,250.406,0.000343598,2,-1,3
tres,44.64,190.233,0.000317195,2,-1,3
tres,44.64,260.822,0.000266891,2,-1,3
tres,44.64,232.277,0.00026504,2,-1,3
tres,44.64,316.385,0.0002756,2,-1,3
tres,44.64,317.342,0.000333095,2,-1,3
tres,44.64,155.375,0.000239921,2,-1,3
tres,44.64,57.1702,0.000256704,2,-1,3
tres,44.64,154.209,0.000257482,2,-1,3
tres,44.64,295.498,0.000248679,2,-1,3
tres,44.64,240.716,0.000269078,2,-1,3
tres,44.64,229.899,0.000232934,2,-1,3
tres,44.64,280.24,0.000254798,2,-1,3
tres,44.64,198.11,0.000308118,2,-1,3
tres,44.64,222.563,0.00033494,2,-1,3
tres,44.64,48.2012,0.000306271,2,-1,3
tres,44.64,149.113,0.000279735,2,-1,3
tres,44.64,183.589,0.000319753,2,-1,3
tres,44.64,46.9665,0.000234515,2,-1,3
tres,44.64,132.848,0.000245176,2,-1,3
tres,44.64,234.11,0.000321047,2,-1,3
tres,44.64,78.8812,0.000251856,2,-1,3
tres,44.64,141.098,0.000287001,2,-1,3
tres,44.64,283.193,0.000264975,2,-1,3
tres,44.64,306.131,0.000266005,2,-1,3
tres,44.64,209.765,0.000252121,2,-1,3
tres,44.64,63.3272,0.000256226,2,-1,3
tres,44.64,254.928,0.000303187,2,-1,3
tres,44.64,310.553,0.000239239,2,-1,3
tres,44.64,258.032,0.000258732,2,-1,3
tres,44.64,315.011,0.000298624,2,-1,3
tres,44.64,193.092,0.00025021,2,-1,3
tres,44.64,303.636,0.000284624,2,-1,3
tres,44.64,181.578,0.00025033,2,-1,3
tres,44.64,112.62,0.00024836,2,-1,3
tres,44.64,113.466,0.000282523,2,-1,3
tres,44.64,0.773844,0.000269197,2,-1,3
tres,44.64,259.645,0.000251514,2,-1,3
tres,44.64,196.332,0.000292723,2,-1,3
tres,44.64,245.746,0.000256144,2,-1,3
tres,44.64,227.922,0.000306603,2,-1,3
tres,44.64,278.921,0.000246486,2,-1,3
tres,44.64,279.827,0.000250282,2,-1,3
tres,44.64,182.93,0.000232863,2,-1,3
tres,44.64,200,0.000342655,2,-1,3
tres,44.64,316.799,0.000226318,2,-1,3
tres,44.64,162.966,0.000226235,2,-1,3
tres,44.64,205.496,0.000225302,2,-1,3
tres,44.64,28.8545,0.000224154,2,-1,3
tres,44.64,245.658,0.000220118,2,-1,3
tres,44.64,175.221,0.000220068,2,-1,3
tres,44.64,272.168,0.00021959,2,-1,3
tres,44.64,192.487,0.000217287,2,-1,3
tres,44.64,228.617,0.000215918,2,-1,3
tres,44.64,316.375,0.000215405,2,-1,3
tres,44.64,218.505,0.000215323,2,-1,3
tres,44.64,285.776,0.00021526,2,-1,3
tres,44.64,130.628,0.000213872,2,-1,3
tres,44.64,263.449,0.0002136,2,-1,3
tres,44.64,151.194,0.000211804,2,-1,3
tres,44.64,230.464,0.000211104,2,-1,3
tres,44.64,169.595,0.00020929,2,-1,3
tres,44.64,319.318,0.000208921,2,-1,3
tres,44.64,113.508,0.000208435,2,-1,3
tres,44.64,238.561,0.000208193,2,-1,3
tres,44.64,286.685,0.000207424,2,-1,3
tres,44.64,327.821,0.000206158,2,-1,3
tres,53.568,321.137,0.00028821,3,-1,3
tres,53.568,273.626,0.000245244,3,-1,3
tres,53.568,214.453,0.000246918,3,-1,3
tres,53.568,281.529,0.000265642,3,-1,3
tres,53.568,254.468,0.000327752,3,-1,3
tres,53.568,323.445,0.0002265,3,-1,3
tres,53.568,91.4258,0.000300519,3,-1,3
tres,53.568,136.999,0.000383097,3,-1,3
tres,53.568,318.51,0.00030904,3,-1,3
tres,53.568,277.912,0.000415019,3,-1,3
tres,53.568,164.626,0.000281332,3,-1,3
tres,53.568,224.911,0.000225492,3,-1,3
tres,53.568,128.618,0.000294354,3,-1,3
tres,53.568,229.311,0.000279923,3,-1,3
tres,53.568,242.592,0.000227417,3,-1,3
tres,53.568,297.079,0.000287448,3,-1,3
tres,53.568,321.174,0.000243812,3,-1,3
tres,53.568,160.268,0.000232485,3,-1,3
tres,53.568,182.32,0.000241232,3,-1,3
tres,53.568,310.366,0.000327529,3,-1,3
tres,53.568,111.063,0.000280802,3,-1,3
tres,53.568,226.57,0.000247405,3,-1,3
tres,53.568,343.832,0.000227096,3,-1,3
tres,53.568,163.295,0.000223857,3,-1,3
tres,53.568,287.932,0.000272112,3,-1,3
tres,53.568,299.097,0.000249916,3,-1,3
tres,53.568,289.938,0.00029496,3,-1,3
tres,53.568,296.112,0.000346508,3,-1,3
tres,53.568,18.7023,0.000425089,3,-1,3
tres,53.568,327.61,0.000250186,3,-1,3
tres,53.568,280.362,0.000238899,3,-1,3
tres,53.568,212.832,0.000240998,3,-1,3
tres,53.568,219.646,0.000242016,3,-1,3
tres,53.568,248.829,0.000268634,3,-1,3
tres,53.568,12.5384,0.00023983,3,-1,3
tres,53.568,302.195,0.000255941,3,-1,3
tres,53.568,355.936,0.00024268,3,-1,3
tres,53.568,159.536,0.000262127,3,-1,3
tres,53.568,248.328,0.000293724,3,-1,3
tres,53.568,246.808,0.000244727,3,-1,3
tres,53.568,280.04,0.000301907,3,-1,3
tres,53.568,184.622,0.000308436,3,-1,3
tres,53.568,74.6695,0.000355344,3,-1,3
tres,53.568,204.429,0.000305601,3,-1,3
tres,53.568,270.833,0.000352754,3,-1,3
tres,53.568,324.813,0.000277683,3,-1,3
tres,53.568,206.25,0.000285522,3,-1,3
tres,53.568,236.722,0.00023777,3,-1,3
tres,53.568,319.312,0.000249103,3,-1,3
tres,53.568,196.204,0.000321519,3,-1,3
tres,53.568,278.457,0.00024738,3,-1,3
tres,53.568,214.969,0.000250487,3,-1,3
tres,53.568,274.209,0.000274092,3,-1,3
tres,53.568,286.761,0.000218977,3,-1,3
tres,53.568,188.279,0.000218928,3,-1,3
tres,53.568,166.543,0.000218688,3,-1,3
tres,53.568,260.328,0.000218592,3,-1,3
tres,53.568,132.464,0.000215284,3,-1,3
tres,53.568,210.063,0.000215184,3,-1,3
tres,53.568,278.391,0.000213709,3,-1,3
tres,53.568,77.4094,0.000211824,3,-1,3
tres,53.568,162.054,0.000210296,3,-1,3
tres,53.568,269.41,0.0002091,3,-1,3
tres,64.2816,292.158,0.00029279,4,-1,3
tres,64.2816,7.31225,0.000285885,4,-1,3
tres,64.2816,320.49,0.000295894,4,-1,3
tres,64.2816,142.007,0.000365633,4,-1,3
tres,64.2816,5.79186,0.000377332,4,-1,3
tres,64.2816,197.465,0.000324463,4,-1,3
tres,64.2816,216.909,0.000274536,4,-1,3
tres,64.2816,144.587,0.000266246,4,-1,3
tres,64.2816,194.601,0.000289475,4,-1,3
tres,64.2816,52.3691,0.000231533,4,-1,3
tres,64.2816,215.093,0.000314185,4,-1,3
tres,64.2816,308.305,0.00025609,4,-1,3
tres,64.2816,340.302,0.000335555,4,-1,3
tres,64.2816,127.38,0.000286347,4,-1,3
tres,64.2816,324.258,0.000242439,4,-1,3
tres,64.2816,323.045,0.000239988,4,-1,3
tres,64.2816,122.154,0.000287668,4,-1,3
tres,64.2816,323.733,0.000230753,4,-1,3
tres,64.2816,319.449,0.000253072,4,-1,3
tres,64.2816,248.362,0.000276634,4,-1,3
tres,64.2816,136.878,0.000292389,4,-1,3
tres,64.2816,192.736,0.000289631,4,-1,3
tres,64.2816,224.056,0.000255207,4,-1,3
tres,64.2816,268.563,0.000240372,4,-1,3
tres,64.2816,230.281,0.000328307,4,-1,3
tres,64.2816,257.823,0.000332491,4,-1,3
tres,64.2816,259.201,0.000238641,4,-1,3
tres,64.2816,317.821,0.000245459,4,-1,3
tres,64.2816,310.979,0.00032873,4,-1,3
tres,64.2816,36.4161,0.000375143,4,-1,3
tres,64.2816,144.332,0.000259196,4,-1,3
tres,64.2816,227.684,0.000251428,4,-1,3
tres,64.2816,213.716,0.000250013,4,-1,3
tres,64.2816,86.1667,0.000340759,4,-1,3
tres,64.2816,266.863,0.000263809,4,-1,3
tres,64.2816,335.597,0.000260198,4,-1,3
tres,64.2816,268.833,0.000271878,4,-1,3
tres,64.2816,99.6008,0.000273975,4,-1,3
tres,64.2816,334.259,0.000350301,4,-1,3
tres,64.2816,231.259,0.000248631,4,-1,3
tres,64.2816,339.288,0.000292076,4,-1,3
tres,64.2816,331.882,0.000252512,4,-1,3
tres,64.2816,264.315,0.000260583,4,-1,3
tres,64.2816,267.48,0.000276446,4,-1,3
tres,64.2816,303.486,0.000238131,4,-1,3
tres,64.2816,267.349,0.000230673,4,-1,3
tres,64.2816,354.695,0.000230302,4,-1,3
tres,64.2816,270.503,0.00022755,4,-1,3
tres,64.2816,318.835,0.000224922,4,-1,3
tres,64.2816,334.055,0.000221952,4,-1,3
tres,64.2816,156.647,0.000221925,4,-1,3
tres,64.2816,248.2,0.000220507,4,-1,3
tres,77.1379,172.356,0.000359793,5,-1,3
tres,77.1379,32.6706,0.000308698,5,-1,3
tres,77.1379,73.0843,0.000321234,5,-1,3
tres,77.1379,220.309,0.000304793,5,-1,3
tres,77.1379,147.641,0.000324441,5,-1,3
tres,77.1379,226.785,0.000322328,5,-1,3
tres,77.1379,230.119,0.000359958,5,-1,3
tres,77.1379,322.589,0.000362931,5,-1,3
tres,77.1379,36.8435,0.00028429,5,-1,3
tres,77.1379,14.6447,0.000317073,5,-1,3
tres,77.1379,36.0943,0.00041605,5,-1,3
tres,77.1379,104.715,0.000294228,5,-1,3
tres,77.1379,344.958,0.00036431,5,-1,3
tres,77.1379,259.061,0.00030582,5,-1,3
tres,77.1379,54.192,0.000295702,5,-1,3
tres,77.1379,286.358,0.000285269,5,-1,3
tres,77.1379,196.132,0.000282578,5,-1,3
tres,77.1379,187.168,0.000255647,5,-1,3
tres,77.1379,216.672,0.000229561,5,-1,3
tres,77.1379,263.65,0.000258983,5,-1,3
tres,77.1379,15.7305,0.000272735,5,-1,3
tres,77.1379,222.87,0.000235362,5,-1,3
tres,77.1379,312.355,0.000231512,5,-1,3
tres,77.1379,119.957,0.000237836,5,-1,3
tres,77.1379,313.113,0.000247258,5,-1,3
tres,77.1379,274.936,0.000256996,5,-1,3
tres,77.1379,220.001,0.000233034,5,-1,3
tres,77.1379,197.16,0.000279516,5,-1,3
tres,77.1379,227.181,0.000244689,5,-1,3
tres,77.1379,303.102,0.000266826,5,-1,3
tres,77.1379,191.285,0.00024257,5,-1,3
tres,77.1379,333.597,0.000253278,5,-1,3
tres,77.1379,277.982,0.000269264,5,-1,3
tres,77.1379,213.649,0.000232675,5,-1,3
tres,77.1379,178.949,0.000261261,5,-1,3
tres,77.1379,315.579,0.000268695,5,-1,3
tres,77.1379,317.625,0.00023187,5,-1,3
tres,77.1379,82.4391,0.000251062,5,-1,3
tres,77.1379,306.94,0.000275875,5,-1,3
tres,77.1379,296.835,0.000237468,5,-1,3
tres,77.1379,297.172,0.000264299,5,-1,3
tres,77.1379,169.818,0.000238844,5,-1,3
tres,77.1379,264.227,0.00022643,5,-1,3
tres,77.1379,227.582,0.000221514,5,-1,3
tres,92.5655,226.663,0.000264977,6,-1,3
tres,92.5655,60.1207,0.000270554,6,-1,3
tres,92.5655,356.168,0.00029096,6,-1,3
tres,92.5655,338.768,0.000266246,6,-1,3
tres,92.5655,325.717,0.000326503,6,-1,3
tres,92.5655,324.265,0.000271453,6,-1,3
tres,92.5655,221.653,0.000299053,6,-1,3
tres,92.5655,331.927,0.000278515,6,-1,3
tres,92.5655,202.285,0.000289785,6,-1,3
tres,92.5655,169.209,0.000350469,6,-1,3
tres,92.5655,28.9042,0.000333373,6,-1,3
tres,92.5655,322.45,0.00030705,6,-1,3
tres,92.5655,239.751,0.0002949,6,-1,3
tres,92.5655,320.691,0.000261531,6,-1,3
tres,92.5655,340.541,0.00048605,6,-1,3
tres,92.5655,211.834,0.000319434,6,-1,3
tres,92.5655,43.0457,0.000419727,6,-1,3
tres,92.5655,188.721,0.000301901,6,-1,3
tres,92.5655,147.012,0.00026309,6,-1,3
tres,92.5655,246.441,0.000260602,6,-1,3
tres,92.5655,232.9,0.000258732,6,-1,3
tres,92.5655,295.31,0.000255027,6,-1,3
tres,92.5655,325.775,0.000252161,6,-1,3
tres,92.5655,350.122,0.000250032,6,-1,3
tres,92.5655,33.5845,0.000247622,6,-1,3
tres,92.5655,151.925,0.00024746,6,-1,3
tres,92.5655,212.366,0.000245791,6,-1,3
tres,92.5655,286.134,0.000244501,6,-1,3
tres,92.5655,255.829,0.000235187,6,-1,3
tres,92.5655,69.8475,0.000234505,6,-1,3
tres,92.5655,257.65,0.000230712,6,-1,3
tres,92.5655,279.933,0.000230204,6,-1,3
tres,92.5655,208.658,0.000220006,6,-1,3
tres,92.5655,22.9027,0.00021631,6,-1,3
tres,92.5655,294.058,0.000214662,6,-1,3
tres,92.5655,118.847,0.000213064,6,-1,3
tres,111.079,342.754,0.000285186,7,-1,3
tres,111.079,315.436,0.000254574,7,-1,3
tres,111.079,205.103,0.000252979,7,-1,3
tres,111.079,184.165,0.000324401,7,-1,3
tres,111.079,341.787,0.000319975,7,-1,3
tres,111.079,326.908,0.00026849,7,-1,3
tres,111.079,353.371,0.000283693,7,-1,3
tres,111.079,280.774,0.000254797,7,-1,3
tres,111.079,5.0697,0.000241783,7,-1,3
tres,111.079,222.329,0.000249067,7,-1,3
tres,111.079,47.5294,0.000396064,7,-1,3
tres,111.079,250.106,0.000312681,7,-1,3
tres,111.079,82.6108,0.000261133,7,-1,3
tres,111.079,43.185,0.00034413,7,-1,3
tres,111.079,267.924,0.000253206,7,-1,3
tres,111.079,306.229,0.000271935,7,-1,3
tres,111.079,265.29,0.000304089,7,-1,3
tres,111.079,185.303,0.000238441,7,-1,3
tres,111.079,332.007,0.000300763,7,-1,3
tres,111.079,223.404,0.000259315,7,-1,3
tres,111.079,163.794,0.000285413,7,-1,3
tres,111.079,221.088,0.000260052,7,-1,3
tres,111.079,332.35,0.00026482,7,-1,3
tres,111.079,246.504,0.000235845,7,-1,3
tres,111.079,156.604,0.000230977,7,-1,3
tres,111.079,29.7124,0.000230151,7,-1,3
tres,111.079,222.351,0.000229096,7,-1,3
tres,111.079,48.8529,0.000224128,7,-1,3
tres,111.079,40.2029,0.000221965,7,-1,3
tres,111.079,331.116,0.000216402,7,-1,3
tres,111.079,25.1052,0.00021613,7,-1,3
